site,MHD,MHD,MHD,ZEP,ZEP,ZEP,THD,THD,THD,JFJ,JFJ,JFJ,RPB,RPB,RPB,SMO,SMO,SMO,CGO,CGO,CGO
box,0,0,0,0,0,0,0,0,0,0,0,0,1,1,1,2,2,2,3,3,3
var,mf,mf_repeatability,mf_variability,mf,mf_repeatability,mf_variability,mf,mf_repeatability,mf_variability,mf,mf_repeatability,mf_variability,mf,mf_repeatability,mf_variability,mf,mf_repeatability,mf_variability,mf,mf_repeatability,mf_variability
1993-08-01,,,,,,,,,,,,,,,,,,,260.95459999999997,0.2728159283387619,1.27009088911343
1993-09-01,,,,,,,,,,,,,,,,,,,261.0696,0.23409935294117779,1.5137658808664285
1993-10-01,,,,,,,,,,,,,,,,,,,261.17580000000004,0.24575008839778933,0.43202738698000076
1993-11-01,,,,,,,,,,,,,,,,,,,261.22950000000003,0.2516246323529403,0.46945604970437665
1993-12-01,,,,,,,,,,,,,,,,,,,261.26199999999994,0.2808391157205229,0.3462625799660043
1994-01-01,,,,,,,,,,,,,,,,,,,261.197,0.2789228709677426,0.4146390226284897
1994-02-01,268.851806640625,0.37116796,5.511938606779993,,,,,,,,,,,,,,,,261.1857,0.2739136866359439,0.3679336748991571
1994-03-01,267.9591979980469,0.41012153,0.6031727216896988,,,,,,,,,,,,,,,,261.224,0.2635089819004542,0.5839152260970387
1994-04-01,268.0610046386719,0.31236583,0.7845817378331283,,,,,,,,,,,,,,,,261.2324,0.37890407453416297,0.8223026289913392
1994-05-01,268.46680908203126,0.21427418,2.7922285905644593,,,,,,,,,,,,,,,,261.22940000000006,0.5700773652694597,1.168342723416926
1994-06-01,267.9555969238281,0.19472547,0.6470607429316522,,,,,,,,,,,,,,,,261.42900000000003,0.35952871410736326,0.7666439298045119
1994-07-01,267.5312072753906,0.19528092,0.7396785757694255,,,,,,,,,,,,,,,,261.7794,0.30604359861591596,0.9811386429462322
1994-08-01,267.33190002441404,0.17915618,1.079652181372525,,,,,,,,,,,,,,,,261.931,0.3384569901853878,0.5067801487817097
1994-09-01,267.59638671875,0.18215294,1.0532196619709033,,,,,,,,,,,,,,,,262.0764,0.35962730558598294,0.4022216635377954
1994-10-01,267.9770080566406,0.22454304,6.918662801929497,,,,,,,,,,,,,,,,262.198,0.3400112101910821,1.1157113210319913
1994-11-01,268.28001098632814,0.2546555,1.7696973055000282,,,,,,,,,,,,,,,,262.1271,0.3502518838862537,0.326662954120133
1994-12-01,267.8332061767578,0.44725716,1.291945263918054,,,,,,,,,,,,,,,,262.06,0.36619658848613984,0.5306905023267928
1995-01-01,267.6910034179688,0.3293373,0.5890083262734983,,,,,,,,,,,,,,,,261.9042,0.3197657712486881,0.3903578065097095
1995-02-01,267.5773986816406,0.32128128,1.4728910684910361,,,,,,,,,,,,,,,,261.67600000000004,0.3452009090909097,0.47130941164305934
1995-03-01,267.5,0.29610005,0.524749555560576,,,,,,,,,,,,,,,,261.8888,0.4138445904761894,0.8255930456858255
1995-04-01,267.5333984375,0.23223379,0.9166668939311665,,,,,,,,,,,,,,,,261.2268,0.38793339240506386,0.8048577988044077
1995-05-01,267.2323974609375,0.24603182,1.5377557889414994,,,,,,,,,,,,,,,,261.3428,0.4585269735449759,0.9286332636984215
1995-06-01,266.95098876953125,0.22166298,1.6404627571912003,,,,,,,,,,,,,,,,261.72540000000004,0.3541399549549531,0.5591732921918997
1995-07-01,266.43499755859375,0.22221257,2.609855903597903,,,,,,,,,,,,,,,,261.9066,0.2922784067085971,0.3908795563030545
1995-08-01,266.27301025390625,0.23732646,2.7489730292972023,,,,,,,,,,,,,,,,261.996,0.3240493490460181,0.4756533556942898
1995-09-01,266.1824096679687,0.2383468,1.2004545594814615,,,,266.96099853515625,0.4512,0.2386322859600425,,,,,,,,,,262.022,0.18631275905118647,0.3856662918069051
1995-10-01,266.308203125,0.25801837,0.7814544238992003,,,,266.8081970214844,0.31171098,0.6310875574882937,,,,,,,,,,261.677,0.24190330827067585,0.4450303863923175
1995-11-01,266.672802734375,0.24475384,1.410047920869666,,,,266.7495971679688,0.34378526,0.7167956938801763,,,,,,,,,,261.8058,0.20474841196777963,0.20354741347544308
1995-12-01,266.78900146484375,0.2114541,1.5093484040558836,,,,266.4693969726562,0.3364395,0.3998498742760945,,,,,,,,,,261.72700000000003,0.20942904377880237,0.2137966015590182
1996-01-01,266.43590393066404,0.24904542,1.9579136841667024,,,,266.3823974609375,0.29621652,0.39533400806207997,,,,,,,,,,261.491,0.19333918238993744,0.3061603875049987
1996-02-01,266.6199951171875,0.23355448,0.9273221840712245,,,,266.34698486328125,0.32638383,0.9473590813620524,,,,,,,,,,261.1786,0.18555642294713032,0.24238688963699975
1996-03-01,266.48259887695315,0.22339396,2.6963482060752013,,,,266.0805908203125,0.30172506,0.6235794689713301,,,,,,,,,,261.1352,0.1963653302433359,0.35076478246507636
1996-04-01,266.26300048828125,0.22392811,1.3024532673279938,,,,265.95839233398436,0.3086766,0.37267851179333905,,,,,,,,,,261.6084,0.2623210966981139,0.3996987323069676
1996-05-01,266.35459899902344,0.24365425,0.4349565667048705,,,,266.0751892089844,0.28191778,0.49185258249523034,,,,,,,,,,262.41,0.1966070258136915,0.39293808185669954
1996-06-01,265.9501098632812,0.2942064,1.6186288618382698,,,,266.05458984375,0.21145181,0.46041733514445377,,,,265.33539428710935,0.17407359,0.20438105817588798,,,,261.92600000000004,0.21849168171557454,0.46759769990257516
1996-07-01,265.56829528808595,0.2302063,1.2962347005719363,,,,265.64219970703124,0.18523851,0.5141903548243422,,,,265.2692108154297,0.19067252,0.3312762742429368,,,,261.8836,0.18156749192680277,0.29568985765080036
1996-08-01,265.27760314941406,0.23217317,0.7214407121542371,,,,265.2026000976563,0.183439,0.5960025011113093,,,,264.1105041503906,0.17915,1.3630196397454544,262.68230590820315,0.19605337,0.3076249303798863,261.945,0.1982821229050264,0.23899503034271372
1996-09-01,265.4106079101563,0.25894052,1.539460738440836,,,,265.2847961425781,0.18496892,0.6037613624014859,,,,264.65150451660156,0.2105989,0.44184937566068555,262.4677978515625,0.1984145,0.39588456367113506,261.8485,0.23551306146572076,0.28829392127867864
1996-10-01,265.3669036865234,0.2797167,0.35268808745432156,,,,265.6112945556641,0.2217207,0.4951031094316511,,,,264.4840087890625,0.22239268,0.3913494713015596,262.50050354003906,0.19430143,0.3897168390922229,261.7129,0.21457086904761763,0.45212774959811536
1996-11-01,265.5609924316406,0.28286597,0.4561560706475486,,,,265.6254028320312,0.25630787,0.6363584574244626,,,,264.7176940917969,0.214123,0.36777076021680954,262.6144104003906,0.18005319,0.49976917036663615,261.548,0.2506182087781734,0.24217699610841786
1996-12-01,265.7657958984375,0.22854465,1.3769432163012036,,,,265.35059814453126,0.28694654,0.4476223782320851,,,,264.6839904785156,0.194849,0.364545059102373,262.21600341796875,0.18058842,0.6618584119360238,261.529,0.1916947586980924,0.19324442956072088
1997-01-01,265.70241088867186,0.21553041,1.723420735384096,,,,265.23699951171875,0.30511254,0.41190581251233066,,,,264.91840209960935,0.2078499,0.2233945274546237,262.14658813476564,0.18238984,0.7001692198175161,261.4404,0.19081083586626085,0.30014109060970323
1997-02-01,265.12049560546876,0.2626674,0.6143774003156544,,,,264.9835998535156,0.32453588,0.440540786438051,,,,264.71929626464845,0.22376989,0.25913860344712525,262.6492889404297,0.17708516,0.40415472217721987,261.0068,0.2175511001410444,0.364516528129573
1997-03-01,264.97169189453126,0.2603938,1.1674543745544852,,,,264.99700927734375,0.29507416,0.5133933379013632,,,,264.5070037841797,0.18681845,0.22275430688707773,262.2980041503906,0.1780785,0.6879074510847015,260.8478,0.2005901851851855,0.37139311580383505
1997-04-01,264.8599060058594,0.20593992,0.8856010063463032,,,,264.79100036621094,0.27900904,0.4213496847664822,,,,264.3919982910156,0.19838436,0.24739025991894015,262.3590087890625,0.18539669,0.39802473415387457,260.7282,0.23159798140770269,0.5355604939931914
1997-05-01,265.0150146484375,0.2129194,1.9761009946628707,,,,264.5131011962891,0.23538074,0.6703823555385693,,,,264.31500244140625,0.18794762,0.20198484652507523,261.78900146484375,0.18208463,0.3761285314543877,260.6619,0.19047259408602085,0.5013911821375259
1997-06-01,264.52398681640625,0.21938205,1.702159077224783,,,,264.24420166015625,0.23896463,0.5120365635741917,,,,264.0360046386719,0.20471413,0.24187631472966237,261.7120056152344,0.19883157,0.30419132776016894,260.7683,0.20907002518891846,0.6791425562755361
1997-07-01,264.0050048828125,0.21694587,0.6635339336365237,,,,263.98009033203124,0.29102337,0.6631170793405291,,,,263.9095031738281,0.19705825,0.2976864119415576,262.0634002685547,0.19708878,0.2263068913132777,260.784,0.1895130333333343,0.344965155804997
1997-08-01,263.70488891601565,0.2262704,1.4260367360061224,,,,263.74200439453125,0.24325788,0.5818949684362781,,,,263.849609375,0.2205712,0.2492542844267923,261.789404296875,0.18737102,0.30285120234268287,260.9366,0.2054284626647151,0.2944346987710544
1997-09-01,263.6451904296875,0.23933955,2.726984593086723,,,,263.7104034423828,0.29869306,0.6998034606610254,,,,263.44591369628904,0.22742698,0.37331970464502073,261.7909851074219,0.17726287,0.33437006280487336,260.9082,0.18622446494464925,0.2678723493120344
1997-10-01,263.9924011230469,0.21661934,1.7583066460448162,,,,264.1097900390625,0.25353742,0.7114823787214986,,,,263.24620056152344,0.24849781,0.3866672362476774,261.6839904785156,0.1672583,0.3382499655338766,260.71299999999997,0.23001843971631045,0.3984919756114745
1997-11-01,264.27239990234375,0.19621745,1.6193352134002694,,,,264.22620849609376,0.29973018,0.7605511049637088,,,,263.4274047851562,0.2101999,0.4305541636377475,261.4029998779297,0.20873529,0.28522403302057986,260.62260000000003,0.22373564402810373,0.23264952490941845
1997-12-01,264.4681884765625,0.2508047,0.9568736407660619,,,,264.5057098388672,0.27820316,0.7745999733810657,,,,263.81219482421875,0.1925327,0.21993065475019224,261.27280883789064,0.20380914,0.3560936142235121,260.455,0.21044784598214197,0.2162911619895556
1998-01-01,264.29189147949216,0.2590151,1.3033640491597795,,,,264.10400390625,0.32643786,0.5343674468309173,,,,263.70001220703125,0.20316222,0.24867852378400254,261.1384033203125,0.20991445,0.9787691484152188,260.16940000000005,0.23156748615725387,0.9381316780560844
1998-02-01,264.0183074951172,0.24109548,0.7075214336803558,,,,264.02939453125,0.34878042,0.4346564409283204,,,,263.4440002441406,0.19875817,0.25987514429648245,260.7533874511719,0.19729632,0.5266320962230829,259.71479999999997,0.24124643776823787,0.28517138910721823
1998-03-01,263.82020568847656,0.21093267,0.48663881840715983,,,,263.7812072753906,0.29743737,0.4900788579701737,,,,263.375,0.20631523,0.24100146441275125,260.55560913085935,0.28786722,0.6978320005149353,259.32800000000003,0.23981455128205095,0.35402413135248767
1998-04-01,263.82569580078126,0.2316906,0.4403044465550645,,,,263.8169860839844,0.25311193,0.36848868511445637,,,,262.93340454101565,0.20510009,0.2625189920196033,260.29278869628905,0.2478025,0.3901219272382275,259.2734,0.211387776349615,0.3732556014704259
1998-05-01,263.62058715820314,0.31118566,1.14363772718159,,,,263.2860107421875,0.23489523,0.4294459034333557,,,,262.79461059570315,0.21666509,0.22780580010759133,260.4289855957031,0.22161981,0.35528810670769395,259.235,0.2121714625000006,0.3616844738120077
1998-06-01,262.8023986816406,0.24252352,0.777095310563274,,,,262.7989013671875,0.22412062,0.7211859899353849,,,,262.5060119628906,0.20354177,0.26033219878531166,260.1604949951172,0.22381234,0.4246276434360784,259.23300000000006,0.26778663023679206,0.3914260754327694
1998-07-01,262.30999755859375,0.22616655,0.34550479240669957,,,,262.231591796875,0.32081175,0.483104841389783,,,,262.2694122314453,0.2382997,0.24914074485685342,260.2950134277344,0.2195017,0.2728301760202641,259.5133,0.20743734567901276,0.46364015949251725
1998-08-01,261.70249938964844,0.22361921,0.6181582912810083,,,,261.6816040039063,0.71567184,0.5342092199981471,,,,262.0076934814453,0.2403861,0.3366437129473607,260.3201080322266,0.20938268,0.2560597400499747,259.5317,0.18781421241050306,0.26874285649928237
1998-09-01,261.7611877441406,0.25013322,3.0125848599198486,,,,261.9230041503906,0.17380838,0.45812092277446287,,,,261.8248046875,0.23284955,0.3791215295090316,260.25010070800784,0.20890297,0.3135123101708623,259.4232,0.22476920052424676,0.346446828553408
1998-10-01,262.0870056152344,0.28978318,1.0980259320028738,,,,262.1210021972656,0.22563298,0.4816166427374011,,,,261.677001953125,0.21774018,0.371150987463948,260.0679931640625,0.19984257,0.3200205527349794,259.343,0.21467650975889735,0.29175612708134874
1998-11-01,262.3294921875,0.2615954,0.4532936803325349,,,,262.4362060546875,0.23411228,0.41346886460352716,,,,262.0469970703125,0.21659943,0.266802913435986,260.50120849609374,0.19409637,0.3135663058357246,259.28,0.20054298906439863,0.2321583768131425
1998-12-01,262.2547973632812,0.3325746,0.34767007167369673,,,,262.40220947265624,0.23284197,0.342007104612869,,,,262.14129333496095,0.22723007,0.2514336293572107,260.04998779296875,0.22138359,0.504318380957824,259.1898,0.2183794653014772,0.2971785682988304
1999-01-01,262.1697113037109,0.31880695,0.3752787635649144,,,,262.2757995605469,0.23658124,0.651587911649872,,,,262.0419921875,0.21722798,0.2254622595255842,260.4314025878906,0.19653335,0.4406027439502282,259.0662,0.21330065468549486,0.26235690933519357
1999-02-01,262.0707122802734,0.28636807,0.36102259641453,,,,262.0920104980469,0.24510749,0.2704930581042156,,,,261.9046966552734,0.1997155,0.21211781261900614,260.5159912109375,0.19566107,0.3459149901654715,258.796,0.2152544098573294,0.3453935944617974
1999-03-01,261.94679565429686,0.254944,0.7072616655847929,,,,261.88299560546875,0.2203829,0.32707829670738925,,,,261.6051086425781,0.20393907,0.19388425627470654,259.9868988037109,0.19655734,0.3051124344777594,258.36,0.20838758323057877,0.3763763597042373
1999-04-01,261.7196990966797,0.2875568,0.8510074668676519,,,,261.70579833984374,0.2313743,0.4164789026642625,,,,261.3445983886719,0.213854,0.2214633951379127,259.8444030761719,0.1909661,0.3678795736204162,258.185,0.16567164512338373,0.3172095138697722
1999-05-01,261.15919799804686,0.19362512,1.9515968851673893,,,,261.3199066162109,0.21874328,0.27907852328986293,,,,260.99010009765624,0.20721142,0.23165416318512544,259.0834075927734,0.22423609,0.6065162983058403,258.0056,0.18884340277777698,0.546934342389641
1999-06-01,260.8105010986328,0.20833227,0.7317146905530214,,,,260.9544982910156,0.22157258,0.33121419776065936,,,,260.77129821777345,0.22940859,0.1902952589268206,259.3447998046875,0.19713874,0.37802961889343106,257.9028,0.22020906856403702,0.436239532028485
1999-07-01,260.1737915039063,0.22197181,1.0148806739521925,,,,260.21271057128905,0.19489865,0.32424157942382514,,,,260.5163940429687,0.22509772,0.24329602050477514,259.28749084472656,0.19073987,0.2709602401066489,257.9802,0.21202677261613678,0.35056079535100104
1999-08-01,260.0740051269531,0.24533686,1.614628402322252,,,,260.0,0.19890092,0.41113899637512835,,,,260.36749267578125,0.20307139,0.32057130670582873,259.25799560546875,0.23922133,0.2850740536890619,258.0704,0.1860355300127718,0.3587964079161788
1999-09-01,259.9298919677734,0.2128148,0.6391280987677164,,,,260.322998046875,0.18227024,0.6394456232119956,,,,259.8890075683594,0.22721466,0.6676587216616164,258.716796875,0.23128738,0.3905346141784859,257.9968,0.18993595092024593,0.37239320703208495
1999-10-01,260.4534057617187,0.26494592,2.4506452572332225,,,,260.96339721679686,0.18274114,0.711943297757375,,,,260.1634094238281,0.21716745,0.3873107856791004,258.614990234375,0.21409166,0.3597415630028209,257.8952,0.2227921254355402,0.40765911862273935
1999-11-01,260.9388946533203,0.25926366,0.3830152528224826,,,,261.1551910400391,0.21050192,0.6022248706665386,,,,260.1029968261719,0.22097121,0.670578621802467,258.65269470214844,2.7607446,0.40526287621020884,257.8782,0.1999556521739129,0.18682368945934646
1999-12-01,260.9587066650391,0.29439524,0.31581692289733865,,,,261.1099853515625,0.18735777,0.34901647828497245,,,,260.5465942382813,0.20930746,0.27904980581530914,258.5876037597656,0.2310344,0.4458490561103793,257.7213,0.2000662203791473,0.3935326840047136
2000-01-01,260.84100341796875,0.22018822,0.3434406960878577,,,,260.881201171875,0.19737191,0.30493584189378437,,,,260.5803985595703,0.23796047,0.23351021204823133,259.0559997558594,0.24707751,0.35202048735638947,257.563,0.193607110609482,0.21079053795069758
2000-02-01,260.69561157226565,0.27386573,0.28245703692330915,,,,260.79340209960935,0.19914322,0.6382979029694825,,,,260.36199951171875,0.25423095,0.2319894687317998,258.764794921875,0.2624333,0.4247706634606355,257.33709999999996,0.1982194865525678,0.30734598230586596
2000-03-01,260.45599365234375,0.2174092,0.6905895889751401,,,,260.9538970947266,0.19272256,0.35439608967746816,,,,260.33270568847655,0.22535005,0.2561925709715586,258.6700134277344,0.19498791,0.4557675234545518,257.02219999999994,0.17448338672768715,0.2797966526528495
2000-04-01,260.66208801269534,0.18798295,0.5124960616848465,,,,260.7650146484375,0.1833298,0.355582608178038,,,,260.1647064208984,0.2077758,0.21927590554773715,258.1789855957031,0.20066676,0.47636078566572426,256.7885,0.16335632775119777,0.4186741120514736
2000-05-01,260.38319702148436,0.21610406,1.1757694218576675,,,,260.5799865722656,0.18301319,0.2521049721623252,,,,260.14479370117186,0.2035607,0.19391590294449318,257.7749938964844,0.17211448,0.6052048081784333,256.59,0.18829350332593997,0.46681868185581327
2000-06-01,260.2353973388672,0.18598808,1.1320115026487008,,,,260.4129943847656,0.17763315,0.4508206089920465,,,,260.12200927734375,0.20195268,0.20650683138761736,257.6708923339844,0.17895274,0.2602553833743261,256.65290000000005,0.1644521839080451,0.4986189992361059
2000-07-01,259.8975067138672,0.189248,1.3706333089687663,,,,260.0889892578125,0.16758542,0.2661594298533874,,,,259.9237091064453,0.18298349,0.19430819141368974,257.6109924316406,0.18573616,0.32152801316961144,256.7016,0.18392482846251532,0.31139289606863174
2000-08-01,259.49310913085935,0.18992653,1.1828659840186486,,,,259.72759399414065,0.17099328,0.25627035476591176,,,,259.7497924804687,0.18346605,0.2910057811091754,257.4523986816406,0.36588755,0.4925407495189818,256.789,0.16498840188014122,0.30669145263544745
2000-09-01,259.4703033447266,0.2034158,0.6869271877368386,,,,259.80579833984376,0.17140992,0.559325867914748,,,,259.46519165039064,0.20687759,0.3727904524596856,257.5030914306641,0.23241173,0.3880443717594869,256.6098,0.3161285902503298,0.3716752636853442
2000-10-01,259.6894897460937,0.27107376,0.34515619697152367,,,,260.07501220703125,0.19396286,0.5204618830449126,,,,259.4887939453125,0.3188417,0.39335651013324874,257.5889892578125,0.51470035,0.32636857478500403,256.5762,0.19829103009259316,0.2665646414257297
2000-11-01,259.89109191894534,0.3267576,0.4748008005766529,,,,260.30780029296875,0.23073672,0.36050149637733414,,,,259.369189453125,0.3546325,0.34752051507262405,257.7467071533203,3.2707703,0.33281597565368565,256.5944,0.1822328301886795,0.2060463436714548
2000-12-01,260.031005859375,0.22854537,1.35926129232256,,,,260.2699890136719,0.19482009,0.7963333407043525,,,,259.3804077148437,0.282977,0.30836739419097814,257.4491943359375,0.19356835,0.5530718701834717,256.3992,0.20880857777777773,0.22762148598366413
2001-01-01,260.16460571289065,0.18343902,2.3741570479084717,,,,260.093994140625,0.22706655,0.8719956065524073,,,,259.12799072265625,0.30625647,0.33270401515299136,257.8789978027344,3.6825962,0.3214510316332784,255.8988,0.2298731199999999,0.32727282308641
2001-02-01,259.6365051269531,0.27049503,0.5328310649432769,,,,259.77099609375,0.20063378,0.35356473480029416,,,,259.1197875976562,0.2874538,0.2586534853142471,257.8273986816406,0.19390358,0.3764510778421877,255.58499999999998,0.36425209570957146,0.5594133737509344
2001-03-01,259.47621154785156,0.25727585,1.6663931496351168,,,,259.423193359375,0.22196311,0.3502471897826411,,,,258.7659912109375,0.20837519,0.25855316440503284,257.43919677734374,0.19690219,0.48702470628898803,255.2954,0.2098758547486029,0.29254964616623963
2001-04-01,258.8825927734375,0.2721604,0.6577890351644199,,,,259.3659973144531,0.2090988,0.24020698689544928,,,,258.63820190429686,0.29300734,0.20338148253008728,256.69349670410156,0.22979094,0.6136626204755464,254.99300000000002,0.18881116252821695,0.47937268663998783
2001-05-01,258.5720916748047,0.21317029,1.8423531282649117,,,,258.96320190429685,0.19784752,0.35025072082658076,,,,258.3068054199219,0.22314472,0.2375930649114688,256.3354064941406,0.20985508,0.46896326233745333,255.05,0.17302294245385347,0.37687161563920996
2001-06-01,258.20599365234375,0.22669159,0.644726524692806,,,,258.4129943847656,0.19375712,0.3279067111443712,,,,258.11431274414065,0.24369058,0.2582546056044849,256.5981018066406,0.18544178,0.2524249504343869,255.1704,0.23656663947797613,0.3705679563581476
2001-07-01,257.7381958007812,0.20337981,0.5735082377810253,,,,257.9836059570313,0.19076283,0.9060800036015463,,,,257.9289855957031,0.21679279,0.23393802416591597,256.2349853515625,0.20898663,0.5364575328870045,255.438,0.20295044554455488,0.301342599012608
2001-08-01,257.06280517578125,0.35578826,0.7706379232795104,,,,257.5098083496094,0.19915004,0.3286336393959103,,,,257.5998046875,0.20183976,0.3937702542288824,256.28419799804686,0.2031752,0.4075358647448137,255.38099999999997,0.2322091067285367,0.30079846622552264
2001-09-01,257.0989990234375,0.474694,1.0744863719737783,,,,257.43670959472655,0.3209774,2.226853758873179,,,,257.3210144042969,0.20432666,0.3328293485450826,255.91299438476562,0.20570457,0.32116850655085233,255.31539999999998,0.20145968098159672,0.3580108611680133
2001-10-01,257.577392578125,0.30468446,0.5521126038202451,,,,257.831396484375,0.498622,1.9569178795530284,,,,257.2877990722656,0.2371834,0.3388438248888054,255.98079681396484,0.24328221,0.4423059373109508,255.1761,0.1964913581730752,0.21198055339101432
2001-11-01,257.9440002441406,0.23384257,0.32618116259437124,,,,257.6968017578125,0.5094421,0.8680472557933919,,,,257.37269287109376,0.2278503,0.3197430475827539,255.5635955810547,0.22134918,0.4533520421317926,255.025,0.1918039957035455,0.19755753595406736
2001-12-01,258.0060119628906,0.2392228,1.3287200153762138,,,,257.67401123046875,0.46803582,0.5135782207911936,,,,257.5332916259766,0.26299837,0.3172269277192649,255.29400634765625,0.24028817,0.5823489299202282,254.8291,0.18598850806451703,0.18056760683826723
2002-01-01,257.6629943847656,0.25323826,0.49481173992926714,,,,257.46580200195314,0.4497262,0.5387002055961059,,,,257.3824005126953,0.26457453,0.2892885454690208,255.84500122070312,0.19051045,0.38735473989523633,254.61900000000003,0.2044541133004938,0.19320875692114697
2002-02-01,257.389501953125,0.33329383,0.3908477538913787,,,,257.3234069824219,0.40186474,0.5025054634386386,,,,257.1425018310547,0.29931554,0.26213432695249345,255.58919677734374,0.21303366,0.40655616399050576,254.3233,0.20075539592760153,0.23528957725640792
2002-03-01,257.29381103515624,0.28440338,0.9043053517560266,,,,257.2384094238281,0.33571136,0.8631730520851966,,,,256.9440002441406,0.21665823,0.2146772433782537,255.50340270996094,0.22386342,0.3935083251769835,253.9707,0.20993120967741763,0.28813154696876997
2002-04-01,256.8446014404297,0.2251034,1.0989317277498796,,,,257.060400390625,0.34321207,0.4033202981601887,,,,256.82289733886716,0.21950263,0.21690899553726883,254.99480285644532,0.25781152,0.40577454609013064,253.7682,0.17805600674915678,0.501190618913574
2002-05-01,256.5530090332031,0.2416951,0.7416231450203292,,,,256.5158996582031,0.33904305,0.42217403457566527,,,,256.3324890136719,0.25330183,0.300614701961281,254.4929962158203,0.24720156,0.39573572629458437,253.49900000000002,0.1802593817787419,0.48686620236042
2002-06-01,256.13470764160155,0.2303637,0.3717152576082281,,,,256.24180297851564,0.36965573,0.45082323472081903,,,,256.1039978027344,0.3547764,0.2779705768843119,254.38680114746094,0.22631608,0.362026618717164,253.3884,0.238314912485415,0.35374653307579884
2002-07-01,255.7854034423828,0.23857507,0.2712111759908339,,,,255.59960174560547,0.43198746,1.424918667742223,,,,255.77559356689454,0.34214708,0.28975093641308014,254.57439727783202,0.26815024,0.2715910893208895,253.39,0.22303676438653633,0.3325789487114139
2002-08-01,255.2935028076172,0.2398109,0.6933525460284766,,,,255.21770172119142,0.44464222,0.7716868493371128,,,,255.7010040283203,0.3323843,0.27687918496208186,254.11380004882812,0.23972593,0.4111084210817399,253.3974,0.20419652173913083,0.26036349437409684
2002-09-01,255.35909423828124,0.20477326,1.3642392680385917,,,,255.32639770507814,0.4541865,0.7943932252770003,,,,255.17839965820312,0.39225027,0.41533180931702407,253.96299743652344,0.24644178,0.35877095784616836,253.2004,0.2655255735805346,0.3236762041954487
2002-10-01,255.3979949951172,0.23601417,1.3846084947006825,,,,255.69000244140625,0.35780448,0.7577653861929978,,,,255.23389434814453,0.37799963,0.36559332479105333,253.7677978515625,0.24555546,0.38523627919362896,252.96599999999998,0.24444513274336316,0.4153827567722334
2002-11-01,255.61720275878906,0.3143929,0.44288698266632315,,,,255.66930541992187,0.3493237,0.7560241654493012,,,,255.48710021972656,0.48226556,0.34602223840250673,253.9166046142578,0.26519006,0.32478721126258403,252.7454,0.23168362874251455,0.25975320718599737
2002-12-01,255.82340087890626,0.40552452,1.5322051212448462,,,,255.6084945678711,0.40765437,0.8052041632443885,,,,255.3300018310547,0.50841475,0.3579052321457754,253.29660034179688,0.23346126,0.5303954699739667,252.4242,0.21572526198439512,0.2195377405366759
2003-01-01,255.47300720214844,0.23440935,0.4483716241890376,,,,255.1746032714844,0.51829946,0.69308345222906,,,,255.3488998413086,0.3733211,0.28189466849627964,253.74789581298828,0.26406088,0.4846622730097046,251.933,0.1862896447793326,0.25054856795270425
2003-02-01,255.39650268554686,0.23462695,1.7728616928079617,,,,255.28599548339844,0.41099963,0.6226824328867542,,,,255.1084976196289,0.27714545,0.2585114244046514,252.891796875,0.26859376,0.6046527117571221,251.59799999999998,0.18506669876203655,0.23253602148565422
2003-03-01,255.2605987548828,0.22659364,2.4663454571095453,,,,255.0836929321289,0.40320015,0.4309065934073429,,,,254.88299560546875,0.30307147,0.24102799536565733,253.5030029296875,0.2729333,0.4209614414861677,251.393,0.19366900118905994,0.40528993174672934
2003-04-01,255.1559036254883,0.40507954,1.5016103410210528,,,,254.95599365234375,0.42348844,0.49764617335377426,,,,254.7258056640625,0.2646176,0.2514179274819778,253.03179931640625,0.26928666,0.48355511685096064,251.185,0.1887881562881567,0.3004642687154481
2003-05-01,254.73209533691406,0.270349,1.1352858137301116,,,,254.7987030029297,0.4234884,0.49952081863982173,,,,254.41200256347656,0.3415697,0.32202378305416446,252.59290161132813,0.2578088,0.3847644293750467,251.36599999999999,0.3030698692033288,0.3285434920189369
2003-06-01,254.1999969482422,0.24663247,0.5484980056175699,,,,254.3092041015625,0.4608055,0.5712725279965488,,,,254.11959838867188,0.315099,0.3125986521779453,252.15870361328126,0.31417084,0.3445254985600329,251.2612,0.22155610526315916,0.2893436667280961
2003-07-01,253.58699798583984,0.2200253,0.5455428341194297,,,,253.85900115966797,0.5396979,0.5635169244109207,,,,253.93390045166015,0.36186224,0.3184920157757927,252.42459564208986,0.24140437,0.3481863319487663,251.4274,0.1821339889502776,0.4235491603042449
2003-08-01,253.13939971923827,0.24103317,1.1894093241257007,,,,253.21249694824218,0.564579,0.5826345724998194,,,,253.75579681396485,0.28350174,0.3141973034561241,252.31719665527345,0.2437647,0.4094800293944006,252.0403,0.22794688053097428,0.3283684565167528
2003-09-01,253.16819915771484,0.24084309,0.6661855103024479,,,,253.4134963989258,0.33053577,0.8875534542739845,,,,253.36880340576172,0.3517855,0.4340667144631961,252.21029663085938,0.20990583,0.37783656363057627,251.945,0.25417900335946225,0.26036674640310375
2003-10-01,253.6601989746094,0.29313403,1.653322455319674,,,,253.7239990234375,0.21419528,0.7818518089307003,,,,253.2299011230469,0.43064117,0.5588296537646751,252.14820251464843,0.21705408,0.3304229760833888,251.905,0.1850629612756262,0.19710500515729604
2003-11-01,254.05860290527343,0.26147732,1.0846071863875226,,,,253.8260040283203,0.28678137,0.46960898699730375,,,,253.23420104980468,0.40207657,0.4577753752173898,251.96719512939453,0.23410359,0.38909966757046804,251.8071,0.1983856968215173,0.19940744169896576
2003-12-01,254.10800170898438,0.24560688,0.4484001327078606,,,,254.17159729003907,0.32837155,0.4264334074984182,,,,253.6132019042969,0.40608874,0.41021078458789234,251.9746063232422,0.37991193,0.5049516100785518,251.511,0.22157549549549596,0.2266882784128672
2004-01-01,253.63820190429686,0.39680722,0.3812048163033878,,,,253.8520050048828,0.24032155,0.4854880189872274,,,,253.41099548339844,0.37767777,0.3962226194899397,251.4008026123047,0.26318273,0.6535704803960737,251.16299999999998,0.21140255930087348,0.2297267720309377
2004-02-01,253.51510162353514,0.35763958,0.4363608229907436,,,,253.66600036621094,0.21750924,0.593921283962108,,,,253.00140380859375,0.47363135,0.5971164354374691,251.77999877929688,0.22077776,0.37219271366765627,250.8008,0.2165242514285724,0.21912728460814543
2004-03-01,253.35560302734376,0.28105375,1.2378277990736757,,,,253.4459991455078,0.19091755,0.6799009656031015,,,,252.76289978027344,0.45362344,0.4819505254103981,251.68460083007812,0.23178664,0.4477076086075396,250.368,0.1978349888143173,0.3115666082252165
2004-04-01,252.9304000854492,0.28902465,0.6730260036210822,,,,253.21820068359375,0.17140348,0.4142763779013297,,,,252.46959381103517,0.3523445,0.42971213293117616,251.0210968017578,0.20919634,0.5842728900349813,249.93900000000002,0.20295823303457136,0.4119062984823537
2004-05-01,252.81300354003906,0.28747576,0.5083253756666347,,,,252.78580322265626,0.18051782,0.30142847859271665,,,,252.37110137939453,0.3459619,0.3863401080648934,251.02449798583984,0.2046548,0.2770162629499054,249.7574,0.2156015700483082,0.32777081748392123
2004-06-01,252.272802734375,0.27369994,0.43527751771266204,,,,252.2779998779297,0.17984048,0.39786130561991034,,,,251.9947952270508,0.34325066,0.42590625149532274,250.55359344482423,0.24702668,0.42030602817065565,249.529,0.21124296962879616,0.4029614341145389
2004-07-01,251.61480407714845,0.2869215,0.411709757437592,,,,251.85000610351562,0.18781365,0.32713479513768623,,,,251.74419555664062,0.37917382,0.39896333052184424,250.5582061767578,0.26621282,0.3477980490001936,249.5781,0.19660723946785008,0.2846769593763805
2004-08-01,251.21380462646485,0.29175615,0.8923714522786449,,,,251.50100708007812,0.2643882,0.3739644997766325,,,,251.46600341796875,0.5081467,0.5306231108131788,250.7790069580078,0.2269097,0.28712228761467035,249.595,0.19457829185520334,0.3880164630665938
2004-09-01,251.14300537109375,0.32788962,1.3762334474870437,,,,251.125,0.24156855,0.5977744478167475,,,,251.28070526123048,0.3920873,0.505772804887726,250.32839660644532,0.25763458,0.3100574277608201,249.422,0.18903497711670586,0.3241564837516724
2004-10-01,251.51109466552734,0.24176124,0.6851881202034986,,,,251.47360229492188,0.20512195,0.6683544750391871,,,,251.25240173339844,0.3096469,0.4145173984570645,250.12169494628907,0.26874316,0.3776970455079311,249.234,0.192986907073509,0.26455671273538267
2004-11-01,251.8226058959961,0.23770979,0.637411636672176,,,,251.74230194091797,0.23835686,0.5720180345921039,,,,250.95429534912108,0.3724578,0.6358637124307867,250.2310028076172,0.21800907,0.37198796042027693,249.097,0.2076204017372413,0.24619674037053055
2004-12-01,251.8385009765625,0.23771977,0.5847913940543865,,,,251.76590576171876,0.25469425,0.5889807181480107,,,,251.23380126953126,0.39016527,0.5398807235316014,249.98239440917968,0.23052913,0.4160372976159071,248.9107,0.1855191119691122,0.16693463660232893
2005-01-01,251.59060363769532,0.27675965,0.30383821499753494,,,,251.60899963378907,0.23129009,1.5506819437611699,,,,251.17360229492186,0.40244862,0.5747162280489584,250.27259521484376,0.23388006,0.4016479426779174,248.5068,0.20356199999999916,0.22736107750513918
2005-02-01,251.50809631347656,0.23695011,0.3744325636596908,,,,251.44839782714843,0.21916497,0.4999654434299998,,,,250.9429931640625,0.35733882,0.638729790802305,249.3113021850586,0.23775034,0.6265081110414898,248.1756,0.21110220747889097,0.2717558108708349
2005-03-01,251.3112030029297,0.22625597,1.1165509303700445,,,,251.42420043945313,0.24477895,0.49986375841842595,,,,250.94339599609376,0.39046094,0.4141779852034101,249.71400146484376,0.26996675,0.46690839491581576,247.73510000000002,0.17762276102088198,0.2909562282710056
2005-04-01,251.23179473876954,0.28307357,1.0486302582261948,,,,251.97570037841797,0.26742956,0.3029914390040461,,,,249.9344940185547,0.4072798,0.4270238974401181,249.21360473632814,0.26789322,0.44668420273964876,247.48440000000002,0.22528528117359328,0.5908360544469038
2005-05-01,250.9947952270508,0.28129587,0.5289933724966989,,,,251.78480377197266,0.30076018,0.3686866563052726,,,,249.8436019897461,0.29707915,0.2856450570399641,248.58999938964843,0.2886769,0.5239528592810954,247.391,0.22884058688147357,0.5723558527633597
2005-06-01,250.57749938964844,0.25061384,0.5351026816842513,,,,251.30419311523437,0.26361638,0.29428297012153726,,,,249.3946044921875,0.22014183,0.3024459718731521,248.75140075683595,0.27041,0.42052618683092174,247.4891,0.17117936098654749,0.5607890474487487
2005-07-01,249.7259979248047,0.2815565,0.746604620741495,,,,250.24899291992188,0.18510379,0.4178664417403483,,,,249.00880279541016,0.47058094,0.4927031659903634,248.33200073242188,0.2589618,0.46651214257286994,247.365,0.18133265282583633,0.31814887314815227
2005-08-01,249.1038024902344,0.27171,0.359848659901184,,,,249.81629638671876,0.20232554,0.43247813814595143,,,,248.73919677734375,0.3506256,0.4697904602555063,248.55860443115233,0.24164377,0.39517433557726006,247.31779999999998,0.2159020337078638,0.3844539119773347
2005-09-01,248.94329528808595,0.2720099,0.9685862423319266,,,,249.68939819335938,0.23473929,0.4523483062424122,,,,248.656103515625,0.25445116,0.42640936028540904,248.5679931640625,0.27238476,0.38999242021965214,247.24210000000002,0.17924229820627874,0.366443837631269
2005-10-01,249.15999603271484,0.27777532,1.6812720836111315,,,,249.73900604248047,0.24875142,0.5360600822837174,,,,248.63699340820312,0.29751894,0.39166550069452327,248.44000244140625,0.24771184,0.3526493403667659,247.1119,0.22411739772727265,0.2301855876743494
2005-11-01,249.28799438476562,0.23525016,0.7906432805737807,,,,249.77230224609374,0.25198027,0.31685140922288085,,,,248.78489837646484,0.32061458,0.3503493904323279,248.47059631347656,0.23239014,0.3335586790838273,247.0168,0.1923498639455787,0.37841806266931627
2005-12-01,249.35220489501953,0.24773629,0.44114257740053087,,,,249.72540283203125,0.30854532,0.6212972387742413,,,,249.06019897460936,0.29540765,0.2741864670281532,248.34339447021483,0.2557205,0.37843105813249217,246.7223,0.23704800959232583,0.2537060160907531
2006-01-01,249.10000610351562,0.2403384,0.936491709653676,,,,249.48900604248047,0.31035954,0.4449446955317745,,,,248.85499572753906,0.24750404,0.24113684832330734,248.3256042480469,0.22972496,0.42876501060528965,246.36599999999999,0.20070544575725166,0.26236090250496424
2006-02-01,249.01640625,0.21722189,0.6293943421107719,,,,249.2928039550781,0.2871818,0.6764938167314384,,,,248.54080352783203,0.29501873,0.2751450876637327,247.73359375,0.25131652,0.5954677871240905,246.1335,0.17855969362745047,0.2631550663602157
2006-03-01,248.50719604492187,0.2260618,1.1203254727980356,,,,248.90560607910157,0.25592467,0.3818496788469271,,,,248.05299377441406,0.35350075,0.37482384222785264,246.97500610351562,0.24204317,0.37249766977007587,246.0376,0.17324807738815015,0.40136775883985565
2006-04-01,248.24349975585938,0.23256661,0.28379834739164644,,,,248.5967987060547,0.235559,0.2598890848812013,,,,247.8393981933594,0.33687535,0.37279192978904435,246.67740173339843,0.22024928,0.40407738539353655,245.593,0.18734340218711876,0.29066790174398344
2006-05-01,247.95079650878907,0.22030655,0.5409092643118685,,,,248.1840057373047,0.24732879,0.4013630341116147,,,,247.46139831542968,0.315799,0.38516182543858757,247.06199645996094,0.20843478,0.3441082674484378,245.429,0.1750324835164842,0.34545100925033384
2006-06-01,247.37429504394532,0.23790042,0.7771437995076202,,,,247.6699981689453,0.20887549,0.3586716605680795,,,,,,,246.2830047607422,0.21261749,0.27598539193160365,245.4418,0.15271168800931395,0.2841126311294
2006-07-01,246.85899353027344,0.21095411,0.9992875050579072,,,,247.7969970703125,0.21608572,0.3261436657519175,,,,,,,245.8907043457031,0.23257406,0.406243620754243,245.4214,0.18333258949880762,0.31813613563843113
2006-08-01,246.3092041015625,0.22035034,0.430313809127805,,,,247.3177978515625,0.20983389,0.2927509736148006,,,,,,,245.54120178222655,0.23609547,0.3246679143345977,245.311,0.16251565326633072,0.5257683266602455
2006-09-01,246.32939453125,0.2422598,0.5586602765355478,,,,247.14100646972656,0.2058221,0.5297430240400625,,,,246.56290283203126,0.19816162,0.3795181073243047,245.58200073242188,0.25937122,0.270218275566127,245.17149999999998,0.18511838516746443,0.8562721482225379
2006-10-01,246.79570465087892,0.19401449,1.3519077948201041,,,,247.79600524902344,0.22819622,0.6274149327702635,,,,246.55799865722656,0.19084732,0.291839829687225,245.1820068359375,0.24955758,0.4446228877129994,244.9873,0.18155281879194582,0.238678627220814
2006-11-01,246.92999267578125,0.2191843,0.3143726429185232,,,,247.57840270996093,0.24937238,0.3914950862011309,,,,246.56189727783203,0.20737658,0.29210795612403634,245.0727981567383,0.2645836,0.35211171759101223,245.207,0.21733100871730993,0.19592599739839864
2006-12-01,246.9554016113281,0.24347542,0.6046767639244864,,,,247.54200744628906,0.26283002,0.3784410757112678,,,,246.88160400390626,0.1857961,0.219828838418491,244.976904296875,0.26575285,0.3896574089471298,245.0524,0.18997794078061817,0.22786147052434116
2007-01-01,246.81110382080078,0.23827171,0.27264949839870045,,,,247.33660278320312,0.24855778,0.5499300837359992,,,,246.68590393066407,0.19141878,0.22546395982761366,244.86599731445312,0.24736121,0.44065792591184905,244.70159999999998,0.1815049165739712,0.2160742424108446
2007-02-01,246.70679931640626,0.2075681,0.6921946831300928,,,,247.0707015991211,0.25011024,0.5878859960846504,,,,246.4614044189453,0.19185744,0.24339153096764182,245.6427978515625,0.24679781,0.3275172381477601,244.35299999999998,0.15210171641791145,0.24116666660992392
2007-03-01,246.46519775390624,0.21784487,0.4537334784993412,,,,247.03799438476562,0.2705048,0.6016961831184398,,,,246.35299682617188,0.19790164,0.2335557623190935,245.30760192871094,0.21603331,0.33214405685547455,243.87740000000002,0.18849883352208321,0.41996264376738107
2007-04-01,246.3584976196289,0.23358586,0.9947248691849028,,,,246.98889923095703,0.25947613,0.2531104560419614,,,,246.13890686035157,0.18125013,0.19344153365228586,244.8699951171875,0.18906978,0.3675181772156042,243.52200000000002,0.147332918604651,0.30843220979815306
2007-05-01,246.35979919433595,0.23931807,0.5508573529541256,,,,246.39660034179687,0.19785492,0.47555219085609496,,,,246.0070037841797,0.1861563,0.2248571440407846,244.70249938964844,0.26567733,0.32128163504148,243.2235,0.19878786830357106,0.6403268216125478
2007-06-01,246.0590057373047,0.23338489,0.7663903608589666,,,,246.01100158691406,0.15043299,0.22530146367349585,,,,245.9803955078125,0.2084908,0.24401861462822586,244.17870025634767,0.2053397,0.32207286996466145,243.2824,0.1598190760233911,0.24663321962181775
2007-07-01,245.6677017211914,0.20934026,0.3145285973605742,,,,245.38499450683594,0.15045646,0.31330462456233554,,,,245.72100524902345,0.23602799,0.4012176597093252,244.14100646972656,0.19210717,0.29184790484862894,243.2997,0.19798714123006939,0.35028785850529426
2007-08-01,245.27699279785156,0.2107306,0.3059742588949721,,,,245.09130096435547,0.14499947,0.19887751663343098,,,,245.37960205078124,0.2161405,0.2864941138309025,243.7790069580078,0.21110648,0.2972129261339806,243.625,0.18854825555555554,0.57780801746781
2007-09-01,245.1739959716797,0.20260832,0.37489143244296347,,,,244.83410034179687,0.15795237,0.4438047687767979,,,,244.82899475097656,0.21381184,0.45116579589924805,243.5959930419922,0.20391166,0.2666615503470759,243.5087,0.18322971698113216,0.21887222168486614
2007-10-01,245.3470001220703,0.1946578,1.0427634446038716,,,,244.9104034423828,0.2032307,0.5361870898232092,,,,244.89300537109375,0.2232664,0.3388043491594612,243.66699981689453,0.22006415,0.3101016513403179,243.4331,0.18840862107623524,0.20818144491715146
2007-11-01,245.43580474853516,0.21883617,0.5431748649736452,,,,245.36280517578126,0.21248116,0.7249958278731945,,,,245.03900146484375,0.21724842,0.25290055139520534,243.78480224609376,0.23054147,0.3370888595777927,243.2976,0.1722171741637841,0.1921657973999734
2007-12-01,245.2969970703125,0.26324797,1.031000647358258,,,,245.22760467529298,0.21291557,0.2468229853723487,,,,244.90069885253905,0.21740307,0.2485472769345667,243.21080169677734,0.41199276,0.5242096055197487,243.0797,0.18022500000000075,0.18705388019898997
2008-01-01,245.08299255371094,0.2731468,0.3405092667991926,,,,245.1273986816406,0.21410784,0.4273651354905945,,,,244.7450958251953,0.22083484,0.2413672041732796,243.41340179443358,0.43751717,0.53077944339405,242.7712,0.17470181818182,0.20986591533008359
2008-02-01,244.9363983154297,0.24056353,1.6640240901896997,,,,244.81759643554688,0.21907718,0.32214582918891255,,,,244.46619567871093,0.23711392,0.2812309905991157,243.1298034667969,0.3765983,0.45957243847842394,242.524,0.17575325524044455,0.21667837910312704
2008-03-01,244.67120361328125,0.25311014,0.3467549646934413,,,,244.57120056152343,0.20576495,0.2671825565007913,,,,244.160595703125,0.26636782,0.2492358632511006,242.947998046875,0.36231872,0.4251751158426797,242.0562,0.17813616586538483,0.36114769715858247
2008-04-01,244.44400024414062,0.221134,0.5818694742593656,,,,244.32760009765624,0.17522547,0.35647638596628667,245.15790557861328,0.51617175,1.4263068744210627,243.93860321044923,0.2535,0.25685174918173925,242.63600158691406,0.33932444,0.46931667704948826,241.74149999999997,0.16250175174013937,0.42354725830644213
2008-05-01,244.40550384521484,0.22431144,1.0105519445122302,,,,244.02289581298828,0.17338999,0.32155999945156744,245.2812973022461,0.5729967,1.5679123399892883,243.59609375,0.30939758,0.2971190811598107,242.45299682617187,0.33766907,0.4675832556426846,241.736,0.1642908646188837,0.977759166371534
2008-06-01,243.74600219726562,0.22009443,0.42976854968020073,,,,243.856201171875,0.17185298,0.2920947659114919,244.8895034790039,0.59924,1.9701209196028848,243.42999267578125,0.31087983,0.3084818873182475,242.12140197753905,0.31412628,0.48455553359720155,241.878,0.19227403186274408,0.3237934826426021
2008-07-01,243.37830505371093,0.22174625,0.7786951439216385,,,,243.48799896240234,0.15940294,0.4819941167012341,244.2833038330078,0.53570676,1.5063894643447036,243.41799926757812,0.29981968,0.2880340793676218,241.7948989868164,0.24034174,0.3501857760109203,241.7594,0.17737762954796013,0.3474711903141876
2008-08-01,243.0814971923828,0.22996384,0.4179548216515015,,,,243.16919860839843,0.17595664,0.27820136252181255,244.12200317382812,0.5093417,1.0224591648278427,243.03480529785156,0.28687805,0.375617423833482,241.74000549316406,0.21298595,0.29292608218258687,241.68099999999998,0.17006559090909046,0.2220565463627667
2008-09-01,242.89299774169922,0.25469565,0.6120650888956071,,,,243.2802001953125,0.16704401,0.4139871601504112,244.01910705566405,0.4863148,0.9939990707144017,242.79400634765625,0.27123216,0.3967751419351612,241.56769561767578,0.22554794,0.5287004483488847,241.53599999999997,0.1978425487944897,0.3351742344768586
2008-10-01,243.5210968017578,0.2610636,0.30997783917432326,,,,243.42149810791017,0.2050599,0.8849894148472286,244.4386001586914,0.5797391,1.1782966021659254,242.67039794921874,0.28797263,0.45237018909623705,242.0197021484375,0.21120185,0.25027748611120804,241.489,0.19282189368770639,0.36046032940278283
2008-11-01,243.68299865722656,0.26541746,0.5905140802706077,,,,243.69700622558594,0.20303905,0.5717279835998491,244.8147994995117,0.6205639,1.805055854121506,243.15640258789062,0.2958591,0.34423497240333406,242.03150177001953,0.22156864,0.29120230034964856,241.30700000000002,0.18982425120772822,0.21528539619323622
2008-12-01,243.69499969482422,0.25891685,0.435585670934845,,,,243.61409912109374,0.21163356,0.4172130321770088,245.1853042602539,0.4946251,1.3501331182282554,243.11420593261718,0.2791228,0.33096640965113877,241.90199279785156,0.22530943,0.39884445832885396,241.1481,0.17597394678492226,0.17664718944965582
2009-01-01,243.29950256347655,0.23886603,0.4827262162868728,,,,243.14380493164063,0.21457377,0.6435869033977464,244.618603515625,0.47523007,1.3406674075235876,242.7239990234375,0.30239475,0.2864003033939988,241.90550231933594,0.22119194,0.3732807008553322,240.90619999999998,0.18344348093480992,0.22099115288754398
2009-02-01,242.91700744628906,0.20705548,0.6872538698556001,,,,242.82000732421875,0.24055472,0.6147107408312096,243.61300659179688,0.50142545,1.3519700399591377,242.56719970703125,0.2823051,0.25726776249064415,241.69019470214843,0.20882554,0.36476218588380155,240.67,0.16332242627345855,0.21052038095801265
2009-03-01,242.61099243164062,0.2172859,0.8238181093987018,,,,242.55379943847657,0.2170765,0.23331624568799886,242.96799926757814,0.53510195,0.9046626784066801,242.25399780273438,0.25794327,0.26097509044710016,241.5030059814453,0.22284846,0.3861864820376499,240.12920000000003,0.17754539518900464,0.31805526064271095
2009-04-01,242.38699340820312,0.20290615,0.529068891939159,,,,242.1977996826172,0.21015006,0.35064936228798305,242.61170196533203,0.46962008,0.8937147348402705,242.09850311279297,0.2677068,0.25747745852335996,241.01700592041016,0.21130143,0.41219452903853115,239.77990000000003,0.17240564231738076,0.36231052034657846
2009-05-01,242.1926010131836,0.19553724,0.5304863876239012,,,,241.91840667724608,0.19212326,0.3267426945049308,242.04000244140624,0.6136763,2.170395060438463,241.88800048828125,0.24542797,0.26275482270495804,240.76499938964844,0.20632316,0.4122586980351455,239.6496,0.18052752066115724,0.34914353113874247
2009-06-01,242.26520080566405,0.13657412,0.5905084619556499,,,,241.6927947998047,0.15803522,0.22779983370821213,241.95299682617187,0.5055655,1.3382442346490866,241.72640533447264,0.26385397,0.2917225709514994,240.16099548339844,0.2119773,0.4688920369509637,239.74910000000003,0.1621984374999996,0.33591891140025176
2009-07-01,241.8158950805664,0.14710227,0.2069642611414111,,,,241.4883041381836,0.15275472,0.221990413302699,241.82939453125,0.5216829,1.1692422606547632,241.27249908447266,0.25735572,0.33664364633642296,240.30989837646484,0.20393412,0.31645757560818083,239.63569999999999,0.20653354515050132,0.2568517044775544
2009-08-01,241.6125030517578,0.1427129,0.2936341746381106,,,,241.0760040283203,0.16415533,0.2886045198146379,242.03710479736327,0.56477463,1.146815297131968,241.2242004394531,0.26025903,0.378364669659367,240.10519561767578,0.2199688,0.3769727200656795,239.5648,0.2784315985130112,0.3285731247580453
2009-09-01,241.61109313964843,0.14604807,0.2607069756054603,,,,241.44000244140625,0.19196624,0.5459023848801242,241.7760009765625,0.4169503,1.983800059985962,241.6540069580078,0.1681414,0.20071040563055148,240.01800537109375,0.22903901,0.2753286983686463,239.6598,0.2292141719077559,0.30527657103783473
2009-10-01,241.81199645996094,0.1434948,0.2956730875103097,,,,241.64700317382812,0.22152661,0.506816794258393,241.71900329589843,0.5163024,1.450437612151174,241.61109313964843,0.14374176,0.19788396370332392,239.6134033203125,0.21218613,0.31231278954327263,239.6107,0.16841792275574033,0.17812636832082104
2009-11-01,242.01499938964844,0.1744493,0.21759114560261048,,,,241.73800659179688,0.19930007,0.30227787627434977,241.88640747070312,1.3482697,1.369978325592756,241.26300048828125,0.16797349,0.25699862050292616,239.71810150146484,0.21708573,0.3218179365215214,239.5636,0.19532837920489207,0.22724230511350937
2009-12-01,241.80240173339843,0.17036375,0.33460437191501663,,,,241.71620178222656,0.22626565,0.3041086627706637,,,,241.56839599609376,0.16801007,0.16921196233454505,239.4980010986328,0.23684593,0.5377227217144981,239.5345,0.2025790496760275,0.20622121875060545
2010-01-01,241.69400024414062,0.18141392,0.532849098513792,,,,241.45719299316406,0.24164742,0.49160797815909435,,,,,,,239.79079895019532,0.2430665,0.37700683039377436,239.22799999999998,0.20430806277056307,0.22092188995712542
2010-02-01,241.48360137939454,0.16997391,0.3867898739778573,,,,241.23300170898438,0.17578581,0.34989583323960044,,,,241.09249877929688,0.16120395,0.14836262328691596,238.91539611816407,0.21089195,0.569910784519776,238.8854,0.21528937669376805,0.30831520405772067
2010-03-01,241.12560577392577,0.16403703,0.4735260233190719,,,,241.05589447021484,0.19024688,0.2757299192649198,,,,240.8179931640625,0.18115832,0.17049814739265998,239.39700317382812,0.21887508,0.37266762497664996,238.561,0.21040047344110857,0.359942343379942
2010-04-01,240.9166061401367,0.16970736,0.6428145201600975,,,,240.8643005371094,0.20331772,0.24579525673796354,,,,240.7010040283203,0.17524724,0.17873682604157998,239.60150146484375,0.20589413,0.2883906589654493,238.3352,0.21013163372859095,0.32731178342700046
2010-05-01,240.5095947265625,0.18735553,0.4359007978478709,,,,240.5395965576172,0.16626571,0.3399313673084753,,,,240.46499633789062,0.17520328,0.19154853789993864,,,,238.192,0.17670309344790674,0.3053244309585686
2010-06-01,240.08109436035156,0.1704836,0.42196796583163115,,,,240.10400390625,0.1692807,0.34560858454933097,,,,239.87539978027343,0.27817392,0.30432071579843334,,,,238.1575,0.18453150118203243,0.3924602642247393
2010-07-01,239.73169708251953,0.18308745,0.3337689020286655,,,,239.6980987548828,0.15579239,0.28481908655095073,239.22500610351562,0.53436625,1.0381870103420983,239.71170349121093,0.2585436,0.26084513507063173,238.8122985839844,0.26789063,0.3162026573247369,238.153,0.1657274035087711,0.23751092291955828
2010-08-01,239.36300659179688,0.17315884,0.1994555146321328,,,,239.10329895019532,0.18703699,0.39557178945078,239.31940002441405,0.62046224,1.099288737560994,239.26380615234376,0.28961712,0.32418688910101806,238.1551040649414,0.26306438,0.35440005375128986,238.209,0.20675275626423778,0.2321261904391339
2010-09-01,239.4748046875,0.19705737,0.5664362083057976,239.32979583740234,0.45096943,0.5138537128209568,239.08900451660156,0.16554989,0.47021337235135086,239.23680267333984,0.64105976,1.1775519586290017,239.15039978027343,0.25730592,0.3323838091041276,237.92389831542968,0.27811444,0.32042307624483984,237.90099999999998,0.19846551066217502,0.23117137831910514
2010-10-01,239.6425979614258,0.2163627,1.1085681240053007,239.55339660644532,0.38732287,0.6166802888367386,239.46400451660156,0.20521876,0.6747789345605136,239.5836975097656,0.74752223,1.3557226304452255,239.2949981689453,0.25427458,0.31138215977032085,237.9720001220703,0.26378995,0.3530618779001716,237.6054,0.1961931046119237,0.3923461391924535
2010-11-01,239.20599365234375,0.23661254,0.5336585032088156,239.7632064819336,0.35952783,0.47891695154233366,239.5288055419922,0.21817566,0.3324700874381396,239.29519958496093,1.3329316,2.2206835467082597,,,,237.93960266113282,0.2518916,0.3191706991410496,237.13099999999997,0.19811733629300626,0.29570946649653873
2010-12-01,239.25210418701172,0.19635339,0.2955620666401889,239.66500091552734,0.4940674,0.5132522612171883,239.43519897460936,0.23657344,0.3616595132289033,239.2717025756836,0.57243365,1.1252938208575365,239.40420684814453,0.2907447,0.22563005538016842,237.76399993896484,0.2860086,0.3629888865435302,236.9256,0.2152390584415579,0.24080348747608255
2011-01-01,239.00760345458986,0.18904471,0.27595169939138653,239.41600036621094,0.38961253,0.3433834846401389,239.0470977783203,0.23217997,0.432429868297119,238.7677978515625,0.5435561,1.1443917101172585,239.28900146484375,0.28568694,0.20994055183677376,,,,236.7082,0.19765517799352764,0.2218446774086484
2011-02-01,238.68079986572266,0.27554396,0.27286691945448244,238.80579833984376,0.4375312,0.4417947496152032,238.82699584960938,0.25306433,0.35882770727192603,238.26080627441405,1.7657675,1.1160248806021587,239.00880126953126,0.25801942,0.2334019878418633,237.69549865722655,0.28189874,0.2509686940937541,236.4956,0.21071836298932486,0.2235220586634046
2011-03-01,238.60260314941405,0.23099868,0.5568679556311885,238.45779418945312,0.40756547,0.3656562340275954,238.63800048828125,0.25229758,0.2972760862681447,238.03359680175782,2.1953795,1.2424972140671953,238.72580261230468,0.21301238,0.1967432811527573,237.23960571289064,0.30250427,0.42733502523253164,236.15659999999997,0.1978683857442338,0.315895874454367
2011-04-01,238.3979949951172,0.19956082,0.7455071614898068,238.08719787597656,0.38057074,0.41496671554583564,238.39899444580078,0.24054615,0.32471875082891855,237.3992950439453,3.1974146,1.3149173900301705,238.26499938964844,0.26490924,0.2578310720864775,236.9518035888672,0.31590766,0.3744052793162234,235.93900000000002,0.17674745341614867,0.36140561783397107
2011-05-01,238.14520263671875,0.2187724,0.3842709877643796,238.2302032470703,0.37189293,0.41373896987971376,238.2664031982422,0.25887892,0.39777285095658665,237.76800537109375,0.8811089,1.210161865015296,238.04920349121093,0.24182054,0.25489032620366664,236.54600524902344,0.2860569,0.4376857985333222,235.656,0.16351653347732037,0.4593881105969481
2011-06-01,237.62840270996094,0.19131556,0.28146572626052113,,,,237.9634002685547,0.23885217,0.28935686319104753,237.62980041503906,0.4765305,1.1049670196524575,237.6501953125,0.31947026,0.29984478058792424,236.49280242919923,0.2158345,0.2769998618285799,235.36880000000002,0.19924656410256267,0.6282217659990383
2011-07-01,237.27050018310547,0.19681993,0.2805945243339564,237.2884979248047,0.25043276,0.30009127910980826,237.4426025390625,0.22331813,0.34250192680102787,237.3935974121094,0.5171555,1.2040770863102326,237.46099853515625,0.29531935,0.28888240323959113,236.05760498046874,0.24628206,0.27260867000997585,235.3364,0.20205942414174874,0.3040999933993473
2011-08-01,236.79219970703124,0.22715627,0.24086395043293546,236.60000610351562,0.33546862,0.3521909682711017,236.98199462890625,0.22310944,0.330027523337714,236.8419952392578,0.51194185,0.8988573665993387,237.23299407958984,0.23897728,0.3019476692538838,235.79850158691406,0.33286864,0.4497081842079469,235.4432,0.18406463004484122,0.35847265494143177
2011-09-01,236.8582962036133,0.25366896,0.38639254747339474,236.97979583740235,0.305622,0.4214784311840125,237.07219848632812,0.234541,0.6545139019429241,237.69719848632812,0.4992815,1.1378187800986388,236.9323989868164,0.26849285,0.390076258806268,236.14319763183593,0.31893054,0.30735819429021305,235.27960000000002,0.20604564814814913,0.25545228707374057
2011-10-01,236.96200561523438,0.26775643,0.34080340046577656,237.5312973022461,0.31129056,0.33416336521040385,237.3506057739258,0.22869688,0.6283799494083516,237.5154052734375,0.47945294,0.6381045030746563,237.2281982421875,0.24098207,0.26422026363876067,235.60919494628905,0.35501528,0.4503375843098279,235.1624,0.18370111351351356,0.2503553397593472
2011-11-01,237.2246063232422,0.34449875,0.8679296634299297,237.85220336914062,0.30421102,0.3577878013723023,237.40980224609376,0.2668188,0.3431732283883011,237.52099609375,0.44980338,0.7858628002700506,236.9788024902344,0.24584597,0.33237250817138925,235.68800354003906,0.33866587,0.47526521865419125,234.9783,0.22203204646017696,0.26409871156310827
2011-12-01,237.10879821777343,0.28913283,0.35388408382057074,237.6572021484375,0.29472947,0.37862498705037295,237.3030014038086,0.25207323,0.42917274251004817,237.76319885253906,0.39015633,0.6474079343262155,236.9498046875,0.23003343,0.2920908924473437,235.46060180664062,0.28524134,0.49038259037441867,234.79299999999998,0.1663084013605453,0.16843100292579197
2012-01-01,236.98699951171875,0.262219,0.44114050557684586,237.53399658203125,0.3153467,0.5355875362211738,236.98500061035156,0.2585875,0.4450373196130037,237.60440368652343,0.41676116,0.529818286794951,237.02389678955078,0.2904041,0.2573854470861201,235.28500366210938,0.28035527,0.44945872420922184,,,
2012-02-01,236.6949951171875,0.25964853,0.4330232014774191,237.82899475097656,0.40763018,0.4930443372977822,236.81730194091796,0.24725167,0.31238583073486864,237.1719970703125,0.4464291,0.68898209712059,236.78500366210938,0.32063544,0.29683545002709616,235.5657943725586,0.32709202,0.3742944472945006,234.7667,0.16524257785467117,0.35527651739572136
2012-03-01,236.59449768066406,0.27569997,0.8828361939423246,237.09300231933594,0.30316857,0.5291370762219454,236.44359741210937,0.26971406,0.29839437892662984,236.87979736328126,0.501678,1.0374335128577952,236.55829925537108,0.30543044,0.2719396957563501,234.9152038574219,0.36480308,0.45729985846956533,234.543,0.1770022538293214,0.30903290431948
2012-04-01,236.3419952392578,0.27135894,0.3325476189613893,236.67560272216798,0.42833766,0.40170192436664853,236.30599975585938,0.23979688,0.29308156086839654,236.14159545898437,0.530062,1.14558814691605,236.17999267578125,0.22028695,0.25997277168920246,235.13119506835938,0.37784037,0.4609008855332694,234.2052,0.19254747237568942,0.33818038271369105
2012-05-01,236.12140197753905,0.2491269,0.556196656753706,235.8352020263672,0.37996086,0.4704198421361872,236.0050048828125,0.20097485,0.24441599786728244,236.0679931640625,0.39886457,0.9967807890728304,235.88160095214843,0.26771292,0.2263702145228679,234.23350524902344,0.44435444,0.4650747183553381,234.15529999999998,0.17146454449152587,0.4931968941247278
2012-06-01,235.3820037841797,0.2776962,0.5354078685271066,235.3769989013672,0.46353972,0.29082270870348104,235.83780517578126,0.23984055,0.2734504906754607,235.7899932861328,0.31366462,0.6647835837508006,235.5970001220703,0.23901115,0.23422300747584524,234.3477996826172,0.31836382,0.38087902008971786,234.1796,0.15892283464566945,0.2343475399012345
2012-07-01,234.78910064697266,0.29533973,0.48472369704178875,,,,235.27750396728516,0.21788467,0.28431207952580895,235.5592056274414,0.38851678,0.6553743962431835,235.10960388183594,0.26015902,0.2771507361880936,234.37339782714844,0.26829216,0.2854698865330289,234.2963,0.164176492537314,0.2413172384601602
2012-08-01,234.47799682617188,0.2902137,0.5108653412236942,,,,234.96590270996094,0.2495481,0.313409669122042,235.2147964477539,0.3855395,0.7575549038910732,234.95619354248046,0.30025187,0.3164574266431029,234.27579345703126,0.27561328,0.28716176155353335,234.1,0.18710163655685208,0.298174568957023
2012-09-01,234.71200561523438,0.27885652,0.38354932624425514,,,,235.09300231933594,0.22080225,0.5154135881740758,235.0814956665039,0.53550607,0.7995161380134089,234.93700256347657,0.26870033,0.348149929734528,234.08980407714844,0.28939593,0.2877393092492683,233.9758,0.19083880112835003,0.26250846378092424
2012-10-01,235.19740295410156,0.2928868,0.4809564006903409,,,,235.56719970703125,0.24871226,0.5972490193073868,235.11399841308594,0.5176701,0.6937776640396296,234.8281982421875,0.29483375,0.3512501137233826,233.99679565429688,0.20837659,0.2707075651472993,233.787,0.19774718330849472,0.4971372203701909
2012-11-01,235.36699676513672,0.5523818,0.48252988030312866,,,,235.56080474853516,0.3490807,0.4527130791932139,235.7259979248047,1.0087154,1.3356875071962329,235.11399841308594,0.2489195,0.3403472300033773,233.94410247802733,0.2119678,0.2901815898523022,233.578,0.17660966254218202,0.17915181254540444
2012-12-01,235.59019622802734,0.39652056,0.4719714786000057,,,,235.7406005859375,0.24261993,0.25354225457859253,235.45799255371094,0.829128,0.6341680488330879,235.24639892578125,0.22823073,0.2777587379685909,233.6760025024414,0.21188985,0.4155152621436091,233.22299999999998,0.1930845919477694,0.35356139627950084
2013-01-01,235.64300537109375,0.27585372,0.5065244664771433,,,,235.55199432373047,0.17637448,0.40097433537533406,235.25979614257812,0.4396154,0.7124086422980687,235.09710083007812,0.22448142,0.2604875095838079,233.52629852294922,0.22734296,0.5305101082715795,232.84930000000003,0.1950771351931317,0.3656827981358433
2013-02-01,235.281005859375,0.25118202,0.5960476866982081,,,,235.3280029296875,0.17154835,0.5100948803005307,235.33350067138673,0.41990703,0.7782052104198881,234.8564025878906,0.23223491,0.25217595990709435,233.1615997314453,0.24988237,0.590657120883961,232.4801,0.18907946291560107,0.26759672415528357
2013-03-01,235.00100708007812,0.24417043,0.9478320498299719,,,,235.0645950317383,0.23207924,0.22035341886835283,234.72279663085936,0.6772834,0.8560924581371282,234.78599548339844,0.18389434,0.17012195689174608,233.58480529785157,0.21356393,0.2826568565497056,232.3051,0.20712056818181762,0.686295307875648
2013-04-01,234.58939666748046,0.26004356,0.48584649471627933,,,,234.68499755859375,0.18182367,0.252651380653611,234.52019958496095,0.58946586,0.8214100871402271,234.5281005859375,0.13812704,0.21328285015922782,233.2332000732422,0.26257774,0.3522315813407884,232.0285,0.20860337060702885,0.316565781669404
2013-05-01,234.55740356445312,0.2545217,0.30075822006987835,,,,234.6820068359375,0.19097434,0.32263579275974247,234.79169769287108,0.35281393,0.6507541704166261,234.35679626464844,0.13413855,0.1328106738165357,232.82760314941407,0.23757698,0.3862460438807712,232.03019999999998,0.17480409343715106,0.5178365217935329
2013-06-01,234.3654998779297,0.23107676,0.4380189423081748,,,,234.60000610351562,0.22260067,0.29180304774093896,234.0873992919922,0.5056092,0.723465810389702,234.3759994506836,0.1847803,0.21176778907743324,232.7023956298828,0.25133294,0.3192301412401399,232.0557,0.16316800761421296,0.2748835353544202
2013-07-01,233.83599853515625,0.21965183,0.5922072389742467,,,,234.04500427246094,0.18862599,0.3384680283929323,233.76700439453126,0.37338644,0.6850752493279204,234.2216033935547,0.21619348,0.26407828673124784,232.47000122070312,0.28147143,0.3783549616608801,232.101,0.17279830316741995,0.36488957790882187
2013-08-01,233.39569854736328,0.23492394,0.3344703256870282,,,,233.616796875,0.22590342,0.2730437591635008,233.68579711914063,0.40532872,0.6857885642917153,233.97820129394532,0.18838151,0.2412235530628291,232.3592956542969,0.2172344,0.25427638728036817,231.9017,0.20308720812182687,0.2786940434370001
2013-09-01,233.40400390625,0.25832716,0.9934607845737601,233.05119781494142,0.28811854,0.32883691798113945,233.72490539550782,0.1994953,0.35903017886832533,233.78870697021483,0.5352999,0.961675550372342,233.84300231933594,0.21532477,0.24712807704882597,232.1147033691406,0.22984171,0.35032001316999817,231.87720000000002,0.21565125819134967,0.24415543930600625
2013-10-01,234.01810455322266,0.40305027,0.5163893226215857,233.67350006103516,0.3150156,0.5034990654716653,234.2801040649414,0.20147593,1.1019270672923474,234.0740982055664,0.762107,0.8178682715566297,233.57000732421875,0.25762928,0.3882161729990738,231.8302017211914,0.22964619,0.4174281602365359,231.8514,0.21762750893921343,0.3115720402366504
2013-11-01,234.2549041748047,0.26205152,0.29099307144498326,233.96519775390624,0.30337402,0.37870630087921536,234.47640380859374,0.24435245,0.4926297363130341,233.3844009399414,0.7596242,1.339574079762728,233.91529541015626,0.26299033,0.34272189047635104,231.8209991455078,0.23962888,0.3597475166203531,231.68920000000003,0.17838396204033222,0.19782163155612653
2013-12-01,234.14400329589844,0.30887356,0.3299064132440408,233.9423034667969,0.3065911,0.36362293420804453,234.21299743652344,0.2537383,0.35839213866355984,233.7490005493164,0.7061992,0.6574991798042915,234.1855010986328,0.27082124,0.2686396248619665,231.52779998779297,0.49028575,0.6364270416019949,231.44799999999998,0.19461264968152778,0.23181882743655247
2014-01-01,233.93299865722656,0.29830372,0.33629259875472167,233.7449951171875,0.27918106,0.3619951973380298,233.9835998535156,0.24654068,0.5288727972976454,233.6384033203125,0.6593252,0.949683229644991,233.96839599609376,0.26885515,0.24951024654273904,232.18299865722656,0.34009522,0.3896955781994596,231.1237,0.19402464757709276,0.2956448037608215
2014-02-01,233.73839874267577,0.33931825,0.3476737912483753,233.3489990234375,0.24945551,0.4073211286800502,233.56300354003906,0.26851055,0.47692603967022296,233.53900146484375,0.5608763,1.2892237905693074,233.67759704589844,0.23422535,0.21407579988709277,231.86939544677733,0.25380206,0.3607603201107453,230.867,0.20394220532319338,0.27177830647682205
2014-03-01,233.6378952026367,0.22594194,0.2864260648793468,233.289599609375,0.25876036,0.5010404691256558,233.45380249023438,0.2526198,0.4436593410196788,232.96200561523438,0.47228378,1.0644297514371763,233.36920166015625,0.21624212,0.21679795975388627,231.01400756835938,0.3122732,0.6998564192588715,230.6392,0.19776853517877552,0.3860378075314664
2014-04-01,233.6625946044922,0.22144637,0.35789949228325046,233.481201171875,0.2782127,0.2694423094691395,233.64550018310547,0.22456148,0.2699644365958435,232.97339477539063,0.62634116,1.0316090658128099,233.28730010986328,0.24512942,0.24111046857089657,231.16799926757812,0.26817185,0.35156331427227155,230.22,0.20691804878048758,0.44440532154460377
2014-05-01,233.53160400390624,0.36292273,0.3666441480735073,233.99139404296875,0.29048717,0.28523021091344003,233.62999725341797,0.19470294,0.2691867855052929,,,,233.10719604492186,0.25648117,0.24188809333083863,230.67460021972656,0.39828932,0.4257663964183491,230.2507,0.1871968881118882,0.5431565658075296
2014-06-01,233.56980590820314,0.20231329,0.2439814409904159,234.2196014404297,0.27651444,0.27950915308028923,233.6938003540039,0.2003883,0.35394672389680415,,,,232.97580261230468,0.25322562,0.2524818863294737,230.32109985351562,0.38614023,0.4239661079403858,230.31599999999997,0.19527345132743354,0.82348575483367
2014-07-01,233.3459930419922,0.25310168,0.3041287526894316,233.95149993896484,0.28090933,0.3284090790116472,233.45399475097656,0.18537363,0.2869731286261419,,,,,,,230.50100708007812,0.25856093,0.3810253959960562,230.43589999999998,0.22798394623655843,0.33088100512990676
2014-08-01,233.13059997558594,0.21425417,0.4133894777175171,233.96400451660156,0.20841214,0.3124745610666648,233.3914031982422,0.20682816,0.26752712093601005,,,,,,,230.30999755859375,0.2444056,0.37668537489339976,230.1108,0.20157456367924537,0.30629770797933
2014-09-01,233.44700622558594,0.1982668,0.7428964305716796,233.73079528808594,0.2568282,0.2833896021329324,233.44480590820314,0.23770796,0.3786502083108973,,,,,,,230.35400390625,0.21787135,0.2829694459377819,229.93200000000002,0.21395365284974088,0.2849583212664211
2014-10-01,233.39999389648438,0.22805768,0.2897169282634008,233.65540466308593,0.26404616,0.3330780233096912,233.6866027832031,0.25663528,0.419923248545421,,,,232.2591979980469,0.30621788,0.5248553050044614,230.24759368896486,0.23193754,0.3368430762940549,229.835,0.2236923394994551,0.3956928239068233
2014-11-01,233.58420104980468,0.22569679,0.8224329886532192,,,,233.5659942626953,0.21379042,0.3921211624039448,,,,232.5850067138672,0.33492142,0.5198680434407967,230.2302001953125,0.23366322,0.42623737690918156,229.71589999999998,0.23022812499999923,0.25148790768075047
2014-12-01,233.44700622558594,0.25731286,0.2977436332585062,,,,233.31700134277344,0.23556246,0.26905966051908536,,,,232.69540405273438,0.3320811,0.40236405989787805,229.80279846191405,0.26042402,0.5003664611502331,229.6351,0.19155695812807927,0.2067095956377991
2015-01-01,233.00040283203126,0.2980807,0.45377874122959055,,,,232.898095703125,0.17503665,0.49763353453843695,,,,232.55299377441406,0.2817191,0.3170720342232624,230.2180953979492,0.25234917,0.45281426293936516,229.3864,0.2037373650793659,0.23601095660862245
2015-02-01,232.61700439453125,0.24280849,0.3396562824879274,,,,232.5812957763672,0.18216114,0.422422772352858,231.80860595703126,0.38737106,0.7242202615667357,232.3324005126953,0.3117874,0.2801351498243341,230.28439636230468,0.2667353,0.3975039856169807,229.1945,0.18602509505703432,0.23478570573833984
2015-03-01,232.34739990234374,0.26714918,0.3736712856327032,,,,232.31399536132812,0.15826622,0.3582530062959622,232.0248016357422,0.3413643,0.7449315996747035,231.95439453125,0.32204226,0.33411637862840093,229.89079895019532,0.25253892,0.4892680984459609,228.9496,0.19680341523341516,0.26289004894058243
2015-04-01,232.24940032958983,0.2728597,0.4988864126186413,,,,232.3415985107422,0.14022416,0.39635718651075824,232.52399597167968,0.56406033,0.7426891453402852,231.71619567871093,0.2888746,0.2940102555595954,229.87900390625,0.27051842,0.40678619186936377,229.00410000000002,0.17912577253218975,0.37794275556285495
2015-05-01,,,,,,,232.31739807128906,0.12789078,0.22960684957125738,232.4051940917969,0.42132315,0.7278061363249657,231.53679504394532,0.36711505,0.3527899385714981,229.3001953125,0.33638507,0.46257954508674565,228.8512,0.20904954239569376,0.47630723242454986
2015-06-01,,,,,,,232.00139923095702,0.13827503,0.2700326256972171,232.39009704589844,0.32591063,0.6064099816248391,231.25380249023436,0.4222389,0.4387694022881724,229.07729797363282,0.36333916,0.43931904529849114,228.7753,0.18084968058968034,0.321197575687471
2015-07-01,,,,,,,231.58200073242188,0.1256519,0.26528890469208793,231.10040588378905,0.44220793,1.0335525671132182,231.04140014648436,0.48508424,0.47114177092673054,228.9553985595703,0.30527532,0.3355108424743584,228.87900000000002,0.1889549064906487,0.4142173440013573
2015-08-01,,,,,,,231.44400024414062,0.14333694,0.23165250895023373,231.57559661865236,0.3775558,0.6920229265485305,230.74869537353516,0.52996796,0.5423558164059874,228.8451934814453,0.35958847,0.355214321666938,228.83,0.18088232558139597,0.22714702989502278
2015-09-01,,,,,,,231.46499633789062,0.12557665,0.485209381799304,231.6699981689453,0.3683503,0.6729479523617148,230.37029571533202,0.5421404,0.6484562209569295,228.74060516357423,0.41982085,0.4004765432173476,228.8192,0.1687400994475142,0.27887155895971416
2015-10-01,,,,,,,232.21499633789062,0.15666685,0.5309288955256389,231.7740966796875,0.3633017,0.7221907511448878,230.4363021850586,0.49059018,0.6108688391890311,228.6490966796875,0.25257292,0.3599989499578906,228.68599999999998,0.19168299670691577,0.3017524243728449
2015-11-01,,,,,,,232.3470001220703,0.14487195,0.5002662369830306,231.52679443359375,0.42103398,0.5261681824357451,230.8533966064453,0.8647828,0.6306986447014036,228.7302032470703,0.25646457,0.33145389553374893,228.592,0.21336476813317443,0.2532288049623197
2015-12-01,,,,,,,232.09739990234374,0.19313222,0.24039625641980888,,,,230.68699645996094,0.862209,0.6606379625917892,228.49899291992188,0.23483711,0.5248504487466104,228.4797,0.18975844868735153,0.18641188353525823
2016-01-01,,,,,,,231.71820068359375,0.18791273,0.25716823024537433,,,,230.56099700927734,0.9274745,0.644798568866678,228.36670379638673,0.2572719,0.5239666821035982,228.24380000000002,0.1869419782608687,0.2295755615139177
2016-02-01,,,,,,,231.3727996826172,0.18499829,0.28390433541865273,,,,230.57859497070314,0.62228245,0.49767944785506524,228.43370513916017,0.32139704,0.5027825823064946,228.0811,0.19642776283618402,0.19218817128811116
2016-03-01,,,,,,,231.1769989013672,0.16725627,0.2830072951282314,231.01449584960938,0.37947348,0.39071619189683865,230.3679962158203,0.36224887,0.3552497704518213,228.34540100097655,0.32893065,0.5135369801642958,227.71400000000003,0.1851926455026455,0.2461721626117974
2016-04-01,,,,230.96510162353516,0.32677653,0.28123283482030975,231.23090209960938,0.13594268,0.34833955412468504,230.64940185546874,0.3594407,0.6491113469707032,230.06540222167968,0.3784305,0.3992990323034285,227.78399658203125,0.44040325,0.6570206647939663,227.4044,0.17248877837837912,0.5573842665409331
2016-05-01,,,,231.04700317382813,0.20073874,0.25776889330280445,231.22640075683594,0.13213554,0.29347003446191855,230.5960952758789,0.34979746,0.6011567257346562,230.00060424804687,0.3861211,0.3745428189340094,227.49200439453125,0.66593546,0.738871365663199,227.08720000000002,0.22914678848283523,0.3311719619569942
2016-06-01,,,,230.97659912109376,0.32344097,0.40155647556845403,231.1084976196289,0.12851857,0.20984876875140157,230.36329803466796,0.4564207,0.5243224376100244,229.8459930419922,0.40485004,0.4269026421063293,227.4386978149414,0.3402516,0.385259083529358,227.083,0.1835626354679798,0.2598328809761963
2016-07-01,,,,230.73890075683593,0.27899483,0.320594666918392,230.7073974609375,0.12821293,0.3781599590611657,230.52479553222656,0.4410349,0.6005733457255137,229.70389556884766,0.4272928,0.4400743069325528,227.4761001586914,0.46389157,0.5672079537107696,227.1815,0.2229079792147795,0.40908911778685697
2016-08-01,,,,230.3769989013672,0.26379535,0.32583430563687354,230.4416015625,0.12088618,0.23747015559816767,230.25800170898438,0.33318114,0.49343846174863737,229.29200744628906,0.4459458,0.534060389197119,227.11630401611328,0.79487056,0.9043560355926517,227.357,0.17784904929577475,0.2562993143246728
2016-09-01,,,,230.02769470214844,0.2662224,0.28886415001838656,230.1271987915039,0.13095348,0.3866962244157525,229.61300659179688,0.44494,0.7646652730881589,229.10149841308595,0.40173382,0.5783278919154625,227.4426025390625,0.38820502,0.4562495860541302,227.3106,0.17389667076167045,0.33476725631721777
2016-10-01,,,,230.7804931640625,0.28454018,0.5017573205946548,230.52489471435547,0.15376396,0.3485464415325722,230.4481979370117,0.43567845,0.5231429523477468,229.07949829101562,0.15428646,0.5203357614836353,227.2708969116211,0.43716094,0.49075205849273523,227.1538,0.20434195480226003,0.3133595975229017
2016-11-01,,,,230.99199829101562,0.25500572,0.30896451015492893,230.99440307617186,0.16932449,0.3072816597932777,230.64999389648438,0.3515898,0.6238816006461645,229.04810333251953,0.1561867,0.6595933859555067,227.08709716796875,0.45225438,0.5303815920223649,226.995,0.19360527251184828,0.3220896616655406
2016-12-01,,,,231.10759887695312,0.4248331,0.3747528080027974,230.90660552978517,0.18067566,0.20087795995908564,230.3468017578125,0.36079392,0.4623881010271259,229.98580017089844,0.15849958,0.3071760304260288,227.3427001953125,0.35121876,0.5125923024760879,226.7734,0.20118108108108124,0.21137359485116047
2017-01-01,,,,230.6989990234375,0.2828597,0.30654504853704345,230.43600463867188,0.17326479,0.2425788942602418,229.97579956054688,0.43166772,0.6888739640292408,230.1060028076172,0.15410084,0.2029818359531203,,,,226.5228,0.1827793124246083,0.27202579247381115
2017-02-01,,,,230.10979919433595,0.25097185,0.3402551200883371,230.02349853515625,0.18832967,0.30342860178884806,229.3997024536133,0.5696787,0.7466717616751075,229.61000061035156,0.15765612,0.22608192395438106,227.70859985351564,0.45504427,0.5751618814632551,226.16299999999998,0.19658433070866166,0.23569125964965304
2017-03-01,,,,229.63160095214843,0.26462835,0.35732049821842526,229.93299865722656,0.17458153,0.2530351537822269,229.62860565185548,0.65511733,0.8121056328821771,229.34280090332032,0.15927486,0.18912245564847102,227.0031005859375,0.342218,0.5585411330695045,225.93779999999998,0.19298048148148203,0.37425218195710463
2017-04-01,,,,229.42859497070313,0.22898111,0.2502902103309192,229.87340087890624,0.18224594,0.3784153471712482,229.19120178222656,0.5567007,0.7917782800986549,229.10339965820313,0.16225979,0.2776963341741483,226.69939880371095,0.30309337,0.6593425154184958,225.99420000000003,0.15460730363423225,0.4360987700605042
2017-05-01,,,,229.71290435791016,0.21261051,0.26368015844439574,230.02170104980468,0.13412912,0.23889035783844775,229.2804946899414,0.5699653,0.7078361419460754,228.91779479980468,0.15912598,0.17811154618819436,226.4164031982422,0.34519163,0.5877766537322091,225.9365,0.16187566985645976,0.3254672495290596
2017-06-01,,,,229.68240661621093,0.20437172,0.2587661407923732,229.87909851074218,0.1297376,0.22373903610244128,229.0761962890625,0.42293528,0.693397186959309,228.768603515625,0.15180458,0.2599596673607996,226.2526062011719,0.36534244,0.4626630037373084,226.0423,0.1640459133489475,0.2708758248536526
2017-07-01,,,,229.56519927978516,0.22096266,0.2219703366983145,229.9855926513672,0.12330005,0.27119247200270946,228.9844955444336,0.5805873,0.6101859061640477,228.75350189208984,0.16098537,0.22027842672499784,226.43050384521484,0.3963808,0.3932093708865092,226.12460000000002,0.18504624303233097,0.2230952798011351
2017-08-01,,,,229.3596984863281,0.18760192,0.22291480235627067,229.99320373535156,0.1307427,0.21295009085793462,228.82020263671876,0.4721746,0.5536448893603259,228.83299255371094,0.1273,0.1349532456584468,226.15479888916016,0.47874165,0.4922617973988312,226.1098,0.20480899999999752,0.2906919008610552
2017-09-01,229.3314010620117,0.20532744,0.22947407282547963,229.44600524902344,0.21453817,0.3154815539201436,229.5615966796875,0.14065748,0.5435551973623703,229.11939697265626,0.5338623,0.652795582264992,227.9177017211914,0.16854139,0.5071755485759465,226.46319732666015,0.39840525,0.3763461025566124,226.135,0.22717237588652373,0.26831632332793315
2017-10-01,229.69400024414062,0.22324726,0.2981291569565358,229.83509674072266,0.21463172,0.25431080567583525,230.00579681396485,0.14202327,0.5245211565987187,229.13480529785156,0.5327591,0.6249502840290064,228.30390014648438,0.1615588,0.43044545657826266,226.5906005859375,0.27623832,0.42713887664708916,226.2723,0.17505338235294024,0.21421979460096757
2017-11-01,229.87560424804687,0.23143241,0.297940842689393,229.86369781494142,0.22661482,0.2067434966797994,229.95209655761718,0.16381055,0.4189912550520729,229.3654022216797,0.3765413,0.7775119672767511,228.63520202636718,0.1846022,0.32481793778369694,226.64560241699218,0.32754952,0.41066214650007626,226.14499999999998,0.17164288551401918,0.1807692176225731
2017-12-01,229.67300415039062,0.2474282,0.27959059699562394,229.76599884033203,0.23900285,0.37908888345877734,229.84080200195314,0.18409254,0.27316577623793387,229.1854049682617,0.4034107,0.6979190535924797,228.87100219726562,0.2289759,0.311257325468611,,,,225.9963,0.18929912416851422,0.20541437160132034
2018-01-01,229.47260437011718,0.24266496,0.2861916757752628,229.78480377197266,0.2130301,0.20347999537220993,229.47940368652343,0.20081966,0.3691067830715034,228.80500030517578,0.3458736,0.5488606399642286,228.7988037109375,0.23754184,0.18640598876709125,,,,225.7672,0.19206209733487928,0.2512888278323021
2018-02-01,229.38699340820312,0.24972057,0.403573202412435,229.5504943847656,0.16951256,0.2218681983906533,229.36300659179688,0.16439438,0.2342683394050938,228.9759979248047,0.34296587,0.5580741876711857,228.8126007080078,0.27727872,0.22393676091887188,,,,225.4985,0.1786806451612909,0.24236826450195095
2018-03-01,229.00980224609376,0.23696439,0.49364140036792786,229.55650329589844,0.18138398,0.19294958168277873,229.0941955566406,0.14709474,0.2456853463876712,228.56399841308593,0.42941383,0.7233129764403743,228.2875946044922,0.2087006,0.23458333812741367,226.92999267578125,0.33917153,0.4004919288633792,225.5525,0.15328805825242697,0.18531493874328986
2018-04-01,228.97000122070312,0.237411,0.4425501454206993,229.418798828125,0.1677057,0.17226680567547417,229.12169647216797,0.15894035,0.26215562566659995,228.2719955444336,0.37474188,0.6289098098658504,228.1739959716797,0.16449262,0.18210700793691093,226.71269989013672,0.34139028,0.3832112657775358,225.183,0.20105149797570832,0.3246551587641558
2018-05-01,228.76840209960938,0.24873893,0.31408131591622596,229.1656005859375,0.18783438,0.2177673651174309,228.99899291992188,0.13966878,0.29518906181478627,228.0739974975586,0.53389424,0.6384435204246518,228.24349975585938,0.15851192,0.17769577973785186,226.22159729003906,0.34543502,0.4488356216170931,225.16079999999997,0.208923786724701,0.7568028709782172
2018-06-01,228.2466018676758,0.19240469,0.354912779915159,229.06100463867188,0.23731118,0.256398405090516,228.55349731445312,0.14751151,0.23404756573072416,227.39999389648438,0.3801768,0.6882069536877511,228.05599975585938,0.17233582,0.17638636782595404,226.35549926757812,0.40200314,0.3620447122121472,225.16,0.18736232673267428,0.2747583419740997
2018-07-01,227.76200103759766,0.17932414,0.25447783469410556,228.6322021484375,0.21721423,0.24631297855514744,228.3090057373047,0.137308,0.334567580234066,227.73409423828124,0.4023712,0.687076944730176,227.83080139160157,0.17718923,0.2077857242257413,226.00330505371093,0.29905695,0.3882599565612598,225.227,0.1942169685039372,0.3561722923617516
2018-08-01,227.68690185546876,0.23416188,0.34104645853626553,228.0541961669922,0.23761746,0.33634241437845747,227.97999572753906,0.13898581,0.2582646450241987,227.62100219726562,0.44809565,0.6779090148976439,227.7040023803711,0.16294204,0.2072146197835139,225.94000244140625,0.30873543,0.40140367122918963,225.4064,0.19172168786127264,0.21827747867433767
2018-09-01,227.64749908447266,0.274308,0.318698190313802,227.9885986328125,0.27037352,0.22186895474188595,227.90699768066406,0.13579354,0.39941494196683264,227.8070068359375,0.42582306,0.7485203197642347,227.64960021972655,0.17712635,0.3451650810705156,225.7614974975586,0.25898457,0.3024962098410456,225.4598,0.1808702964652227,0.24432014354514792
2018-10-01,227.98619384765624,0.37528065,0.4954071579800205,228.41799926757812,0.23109013,0.2881309383456483,228.62579956054688,0.1599835,0.5922448492327842,227.8430969238281,0.50165784,0.6605255587389435,227.69139709472657,0.18249203,0.25682569574715564,225.8499969482422,0.27281874,0.40314225383465735,225.382,0.1879488888888891,0.21124462445781086
2018-11-01,228.11599731445312,0.39819604,0.7561392510987222,229.0199966430664,0.26968423,0.2786364555269276,228.9031005859375,0.19571663,0.41768399661444855,228.28150177001953,0.47672036,1.0528510818680936,227.6457962036133,0.163605,0.2881803858100967,225.83599853515625,0.31822076,0.4420016179620213,225.2788,0.1907971572327028,0.20162948228145638
2018-12-01,228.2177947998047,0.4043973,0.4386086089221236,229.0874053955078,0.23031455,0.24437833537089956,228.69859924316407,0.20098464,0.2099505545444009,228.74099731445312,0.4591057,0.5257369915197243,,,,225.89700317382812,0.35410726,0.4730359706608502,225.19150000000002,0.2225026072234775,0.22744318361170826
2019-01-01,227.99380187988282,0.37041172,0.4086510528671775,228.95980529785157,0.217965,0.24353195473219957,228.38069915771484,0.28289682,0.34909109010551015,228.60579528808594,0.5041252,0.5345437425910587,,,,225.92520294189453,0.29689872,0.557751269571626,224.90460000000002,0.21492489964580827,0.21876743527262815
2019-02-01,,,,228.7239959716797,0.27277598,0.27651935352629364,227.97500610351562,0.20724937,0.29588039320179466,228.2259979248047,0.4942,0.44612613443935206,,,,225.8635009765625,0.2699963,0.4459644289952022,224.56390000000002,0.18460347297297283,0.244743338819007
2019-03-01,,,,228.2667999267578,0.22967115,0.29170281777972124,227.7645034790039,0.23557,0.28720415678153455,,,,,,,225.77459716796875,0.2512702,0.4086292686758344,224.2355,0.19398178738317645,0.29227550120649604
2019-04-01,227.45790252685546,0.19580288,0.41912250962930225,227.9669952392578,0.25052917,0.2822491264325742,227.4489974975586,0.30266815,0.3757186204507038,,,,,,,225.4499969482422,0.21608548,0.414547011027212,223.8587,0.2016714914425445,0.33300495272801045
2019-05-01,227.14940185546874,0.19031431,0.17924671453357172,227.86599731445312,0.2382805,0.24919079429298518,227.17300415039062,0.36457753,0.40660854171013827,,,,,,,,,,223.8367,0.20174918300653713,0.37783788745750047
2019-06-01,227.13079833984375,0.1874802,0.2855652906259949,227.5844955444336,0.30873287,0.29294775738314527,227.02210235595703,0.1691947,0.28121513212356736,,,,,,,224.8968032836914,0.37367645,0.37717810797545426,223.78259999999997,0.17368988679245265,0.4592090019336012
2019-07-01,226.3238052368164,0.17636622,0.27121310600316345,226.7729949951172,0.3075065,0.3307714665373331,226.48899841308594,0.17355919,0.2308105762575336,226.6341979980469,0.92610747,0.8243018515600851,,,,224.7584991455078,0.30403733,0.3653389969750325,223.915,0.19828958980044084,0.2556155447976649
2019-08-01,225.8758056640625,0.18206279,0.26243875480389245,226.3490020751953,0.43706012,0.3555329303278397,225.92989349365234,0.1836029,0.27928259206329303,226.6367935180664,0.57404906,0.6457385526670647,,,,225.03599548339844,0.31078944,0.32085911158965014,223.91219999999998,0.20185919463087293,0.22521036218276982
2019-09-01,225.84840393066406,0.18218118,0.3917160283997644,226.28070373535155,0.26496285,0.25487196984293775,225.83319396972655,0.22229871,0.29563174170006107,226.40540618896483,0.5034671,0.567409397537983,225.6529998779297,0.24306111,0.38756184819782924,224.39320068359376,0.49389952,0.4809969332959965,223.83,0.1824907517084291,0.18084770104228184
2019-10-01,225.9552017211914,0.19677071,0.3767944483390785,,,,225.71859436035157,0.20945643,0.4923954326477,226.29359741210936,0.49535212,0.6581858517464599,225.77220458984374,0.2738007,0.33671676352776786,224.29519805908203,0.43209675,0.4850925882243597,223.7048,0.17823958918918822,0.18417719511942024
2019-11-01,226.08099365234375,0.20498398,0.48241241204189184,,,,225.8778060913086,0.26443776,0.5566591461801269,226.1637939453125,0.45457134,0.7077754515657181,225.66930389404297,0.2793291,0.28363786324484114,224.3144989013672,0.33931106,0.47395645228104716,223.4835,0.2167899653579666,0.2776933273991743
2019-12-01,225.87100219726562,0.21399549,0.2562119846627105,,,,225.56930236816407,0.27979004,0.292567764987705,225.93359832763673,0.56156695,0.5575578295953566,225.56920013427734,0.35418323,0.27899094682591496,,,,223.24650000000003,0.209590483516483,0.19580091961506743
2020-01-01,225.69200134277344,0.20162542,0.24206624914172065,,,,225.36099243164062,0.23603192,0.2542539984863697,,,,225.2899932861328,0.3784847,0.3220204111979912,,,,222.8647,0.1937844073275853,0.2920077243585853
2020-02-01,225.27509460449218,0.27208263,0.3739005396637882,225.4770050048828,0.70656437,0.506480640238774,225.18889617919922,0.2598601,0.2994887958624625,,,,225.03519592285156,0.36712345,0.30742873675069426,,,,222.5931,0.1930035457063708,0.21339601079973536
2020-03-01,225.0241943359375,0.20586677,0.2410548824365275,225.44500732421875,0.38813585,0.3581787107139146,224.92819519042968,0.19149698,0.23786838569165267,225.07729797363282,0.43866685,0.5752602370822903,224.82220153808595,0.22419886,0.22325679585735486,,,,222.25979999999998,0.17049882105263173,0.26796709543323466
2020-04-01,224.83470458984374,0.19009715,0.2979466996385477,225.53500366210938,0.23838931,0.23479577854117925,224.60700225830078,0.25031212,0.28795553064148166,224.61900329589844,0.54404515,0.5838952371899232,224.73399353027344,0.16813552,0.2258023660129979,,,,221.979,0.20483632490013232,0.2791180125762356
2020-05-01,224.61480102539062,0.21855609,0.4425624236964586,225.21719970703126,0.31235853,0.34949459381065073,224.53799438476562,0.22356386,0.2736844483170187,224.25250244140625,0.55956507,0.6259776835439606,224.4263946533203,0.24247213,0.2600804212634501,,,,,,
2020-06-01,224.52729339599608,0.21939772,0.45795579607440823,224.34749603271484,0.6152023,0.8142208337679996,224.33560180664062,0.25339875,0.2663171283996088,224.13199768066406,0.5355337,0.7369674224598437,224.0435028076172,0.21467318,0.32662762391981326,,,,,,
2020-07-01,223.74879455566406,0.22928832,0.3335769263172054,199.39320373535156,0.6491853,11.911754101436864,223.84300231933594,0.23675062,0.24847541631567238,223.78479919433593,0.59894145,0.5633213000027002,223.90560302734374,0.21571061,0.3516814868612861,,,,,,
2020-08-01,223.4294006347656,0.2228298,0.5170979130496436,223.54739990234376,0.40428102,0.42426449546516054,223.48899841308594,0.19529702,0.273298885603394,223.3781982421875,0.6044571,0.5980887243067621,223.60770111083986,0.1944475,0.25608060508295577,,,,,,
2020-09-01,223.29540100097657,0.21571875,0.49035236001904264,223.2310028076172,0.4837066,0.5586127530494972,223.46280517578126,0.22925183,0.3074608863085352,223.63400268554688,0.5696915,0.6976653251264027,223.2023956298828,0.16216771,0.4475039997925117,,,,,,
